Sequence_ID,Position,Base,LLR
7,1,A,-0.3343113660812378
7,1,T,0.0
7,1,C,-0.3848686218261719
7,1,G,-0.5302761793136597
7,2,A,-0.8593425750732422
7,2,T,0.0
7,2,C,-0.3937673568725586
7,2,G,-0.32381153106689453
7,3,A,-0.7678966522216797
7,3,T,0.3029937148094177
7,3,C,0.0
7,3,G,-0.4177379608154297
7,4,A,-0.2758517861366272
7,4,T,0.0
7,4,C,-2.745749831199646
7,4,G,-2.6290184259414673
7,5,A,-0.30304527282714844
7,5,T,0.40355682373046875
7,5,C,0.2263774871826172
7,5,G,0.0
7,6,A,-0.36973774433135986
7,6,T,0.2772235870361328
7,6,C,0.0
7,6,G,-0.45606422424316406
7,7,A,-0.07383620738983154
7,7,T,0.0
7,7,C,0.06533336639404297
7,7,G,-1.9811162948608398
7,8,A,-0.582394540309906
7,8,T,0.0
7,8,C,-2.5403985381126404
7,8,G,-0.03225278854370117
7,9,A,-0.28514373302459717
7,9,T,0.7039700150489807
7,9,C,-1.8240385055541992
7,9,G,0.0
7,10,A,-0.27088356018066406
7,10,T,0.15589892864227295
7,10,C,-0.04592430591583252
7,10,G,0.0
7,11,A,-0.3253440856933594
7,11,T,-0.2563657760620117
7,11,C,0.0
7,11,G,-0.5789318084716797
7,12,A,-0.07200723886489868
7,12,T,0.0
7,12,C,-2.474881112575531
7,12,G,-2.57652086019516
7,13,A,-0.13677978515625
7,13,T,0.7910374402999878
7,13,C,0.19133174419403076
7,13,G,0.0
7,14,A,-0.6390036344528198
7,14,T,0.0
7,14,C,-0.11979281902313232
7,14,G,-0.7516012191772461
7,15,A,-0.8426570892333984
7,15,T,0.0
7,15,C,-0.18643760681152344
7,15,G,-0.18696022033691406
7,16,A,-0.7252964973449707
7,16,T,0.0
7,16,C,-0.47488152980804443
7,16,G,-0.49534451961517334
7,17,A,-0.20668792724609375
7,17,T,0.2144155502319336
7,17,C,0.0
7,17,G,-0.1862335205078125
7,18,A,0.0
7,18,T,0.45152711868286133
7,18,C,0.37187671661376953
7,18,G,-2.4304901361465454
7,19,A,0.0
7,19,T,0.511963963508606
7,19,C,0.08584892749786377
7,19,G,0.5602284669876099
7,20,A,0.36922359466552734
7,20,T,0.05537223815917969
7,20,C,0.0
7,20,G,-0.022298812866210938
7,21,A,-0.0354151725769043
7,21,T,0.5813369154930115
7,21,C,0.0
7,21,G,-1.8713430166244507
7,22,A,-0.26263415813446045
7,22,T,0.0
7,22,C,-0.09567105770111084
7,22,G,-2.2464035749435425
7,23,A,-0.8040542006492615
7,23,T,0.0
7,23,C,-2.200625956058502
7,23,G,-0.4068017601966858
7,24,A,-0.40409648418426514
7,24,T,0.2532939910888672
7,24,C,-2.280420184135437
7,24,G,0.0
7,25,A,0.16036224365234375
7,25,T,0.07536077499389648
7,25,C,-2.4973392486572266
7,25,G,0.0
7,26,A,0.3286780118942261
7,26,T,0.30325448513031006
7,26,C,-2.022523045539856
7,26,G,0.0
7,27,A,-0.028525233268737793
7,27,T,0.6092662811279297
7,27,C,0.19039154052734375
7,27,G,0.0
7,28,A,0.0731496810913086
7,28,T,0.0
7,28,C,0.172637939453125
7,28,G,-0.4889335632324219
7,29,A,-0.2745441794395447
7,29,T,0.0
7,29,C,-2.5985516905784607
7,29,G,-0.28067106008529663
7,30,A,-0.0632925033569336
7,30,T,0.03901088237762451
7,30,C,-0.09230422973632812
7,30,G,0.0
7,31,A,0.0
7,31,T,-0.4292222261428833
7,31,C,-0.026181340217590332
7,31,G,-0.18957233428955078
7,32,A,0.0
7,32,T,0.050371646881103516
7,32,C,-1.909688949584961
7,32,G,-0.24983227252960205
7,33,A,0.4186753034591675
7,33,T,0.5477771759033203
7,33,C,-0.3877143859863281
7,33,G,0.0
7,34,A,-0.4019385576248169
7,34,T,0.0
7,34,C,-0.3573617935180664
7,34,G,-0.3223963975906372
7,35,A,-0.6432458162307739
7,35,T,0.0
7,35,C,-0.37021827697753906
7,35,G,-0.123870849609375
7,36,A,-0.018621444702148438
7,36,T,0.9155349135398865
7,36,C,0.0
7,36,G,0.0193023681640625
7,37,A,-0.07291936874389648
7,37,T,0.0
7,37,C,-0.3123427629470825
7,37,G,-2.24263858795166
7,38,A,-0.21995174884796143
7,38,T,0.0
7,38,C,0.23631560802459717
7,38,G,0.31909263134002686
7,39,A,0.0
7,39,T,-0.1400747299194336
7,39,C,0.08377349376678467
7,39,G,0.1631946563720703
7,40,A,-0.5741032958030701
7,40,T,0.0
7,40,C,-0.5423230528831482
7,40,G,-0.7464579939842224
7,41,A,-1.1908474564552307
7,41,T,0.0
7,41,C,-0.7965222001075745
7,41,G,-0.8117865920066833
7,42,A,-0.9401918649673462
7,42,T,0.0
7,42,C,-0.3338618278503418
7,42,G,-0.7998908758163452
7,43,A,-0.4723491668701172
7,43,T,0.0
7,43,C,-2.401145100593567
7,43,G,-0.28782224655151367
7,44,A,0.15594470500946045
7,44,T,0.27667415142059326
7,44,C,0.16505897045135498
7,44,G,0.0
7,45,A,0.0
7,45,T,-0.07669448852539062
7,45,C,0.013213038444519043
7,45,G,0.06918799877166748
7,46,A,0.46361446380615234
7,46,T,0.0
7,46,C,-2.6967084407806396
7,46,G,0.15115118026733398
7,47,A,-0.10399532318115234
7,47,T,-0.27056217193603516
7,47,C,-0.3793020248413086
7,47,G,0.0
7,48,A,0.0
7,48,T,0.0643378496170044
7,48,C,-0.13195502758026123
7,48,G,-0.22720420360565186
7,49,A,0.24224090576171875
7,49,T,-0.3165473937988281
7,49,C,0.0
7,49,G,-0.04939067363739014
7,50,A,0.0
7,50,T,-0.09710979461669922
7,50,C,-0.3572711944580078
7,50,G,-2.4680004119873047
7,51,A,-0.03405475616455078
7,51,T,-0.5520238876342773
7,51,C,0.0
7,51,G,0.06910312175750732
7,52,A,0.0
7,52,T,-0.109222412109375
7,52,C,-2.5680779218673706
7,52,G,-2.2340973615646362
7,53,A,-0.1035224199295044
7,53,T,-0.9711953401565552
7,53,C,-0.3912163972854614
7,53,G,0.0
7,54,A,0.0
7,54,T,0.07460546493530273
7,54,C,-2.528244972229004
7,54,G,-0.7201452255249023
7,55,A,0.4683765172958374
7,55,T,-0.13665294647216797
7,55,C,0.11971855163574219
7,55,G,0.0
7,56,A,0.0
7,56,T,-0.47338879108428955
7,56,C,-0.6010169982910156
7,56,G,-0.4086589813232422
7,57,A,2.2747802734375
7,57,T,2.1613893508911133
7,57,C,0.0
7,57,G,1.7498550415039062
7,58,A,2.25655460357666
7,58,T,2.3352356553077698
7,58,C,1.795802116394043
7,58,G,0.0
7,59,A,-0.3484344482421875
7,59,T,0.0
7,59,C,-0.46100521087646484
7,59,G,-0.22668635845184326
7,60,A,-0.36403560638427734
7,60,T,0.0
7,60,C,-0.3964289426803589
7,60,G,-0.19542396068572998
7,61,A,-0.040909767150878906
7,61,T,0.21642303466796875
7,61,C,0.0
7,61,G,-0.04941368103027344
7,62,A,0.0
7,62,T,0.5726298689842224
7,62,C,0.03611743450164795
7,62,G,-2.098871350288391
7,63,A,-0.33266448974609375
7,63,T,0.0
7,63,C,0.3231620788574219
7,63,G,0.1326085329055786
7,64,A,-0.1403350830078125
7,64,T,0.0
7,64,C,-2.1486252546310425
7,64,G,0.3695487976074219
7,65,A,0.04026210308074951
7,65,T,0.7310842275619507
7,65,C,0.06714046001434326
7,65,G,0.0
7,66,A,0.010426521301269531
7,66,T,-0.45586585998535156
7,66,C,0.0
7,66,G,-0.3831930160522461
7,67,A,0.0
7,67,T,0.25336790084838867
7,67,C,-2.1141819953918457
7,67,G,-2.5641121864318848
7,68,A,-0.027558326721191406
7,68,T,-0.15363502502441406
7,68,C,-0.30666160583496094
7,68,G,0.0
7,69,A,0.11560630798339844
7,69,T,0.0
7,69,C,-2.800797462463379
7,69,G,-0.48241138458251953
7,70,A,-0.17914867401123047
7,70,T,-0.23872661590576172
7,70,C,-2.9552650451660156
7,70,G,0.0
7,71,A,0.20606613159179688
7,71,T,-0.5046004056930542
7,71,C,-0.6656378507614136
7,71,G,0.0
7,72,A,0.0
7,72,T,-0.5364656448364258
7,72,C,-0.30037593841552734
7,72,G,-0.46348845958709717
7,73,A,0.0
7,73,T,-0.9032334089279175
7,73,C,-0.8018921613693237
7,73,G,-0.6156301498413086
7,74,A,0.0
7,74,T,-0.5851870179176331
7,74,C,-0.9709187150001526
7,74,G,-0.31225305795669556
7,75,A,0.5282993316650391
7,75,T,0.0
7,75,C,0.32079410552978516
7,75,G,0.2479802370071411
7,76,A,0.0
7,76,T,-0.05733692646026611
7,76,C,-2.3400079011917114
7,76,G,0.3178209662437439
7,77,A,0.0873490571975708
7,77,T,-0.09374988079071045
7,77,C,-0.14372622966766357
7,77,G,0.0
7,78,A,0.7979840040206909
7,78,T,-0.15350544452667236
7,78,C,0.0
7,78,G,0.41902053356170654
7,79,A,0.0
7,79,T,-0.5778283476829529
7,79,C,-0.1075640320777893
7,79,G,-2.2717190384864807
7,80,A,0.0
7,80,T,-0.006770133972167969
7,80,C,-1.8756649494171143
7,80,G,0.30265891551971436
7,81,A,0.4288395643234253
7,81,T,0.02893543243408203
7,81,C,-0.2861042022705078
7,81,G,0.0
7,82,A,0.5592137575149536
7,82,T,0.0
7,82,C,0.3500281572341919
7,82,G,0.21652615070343018
7,83,A,0.0
7,83,T,0.18594896793365479
7,83,C,-1.9688481092453003
7,83,G,0.42627012729644775
7,84,A,0.3422030210494995
7,84,T,0.4262312650680542
7,84,C,0.09593391418457031
7,84,G,0.0
7,85,A,0.7692090272903442
7,85,T,0.0
7,85,C,0.5761072635650635
7,85,G,0.183874249458313
7,86,A,0.0
7,86,T,0.762527585029602
7,86,C,0.6244926452636719
7,86,G,0.3990020751953125
7,87,A,0.16600799560546875
7,87,T,0.0
7,87,C,0.14934241771697998
7,87,G,0.0012111663818359375
7,88,A,-0.40701186656951904
7,88,T,0.0
7,88,C,-2.024806022644043
7,88,G,-0.17578697204589844
7,89,A,-0.17202377319335938
7,89,T,0.6275091171264648
7,89,C,-1.873809814453125
7,89,G,0.0
7,90,A,-0.07454776763916016
7,90,T,0.2894411087036133
7,90,C,0.4604712724685669
7,90,G,0.0
7,91,A,-0.3414735794067383
7,91,T,0.12461745738983154
7,91,C,0.0
7,91,G,-0.397594690322876
7,92,A,-0.40940916538238525
7,92,T,0.0
7,92,C,-0.2502380609512329
7,92,G,-2.646091103553772
7,93,A,-0.7949942350387573
7,93,T,0.0
7,93,C,-0.5291098356246948
7,93,G,-0.31957054138183594
7,94,A,-0.803192138671875
7,94,T,0.06116485595703125
7,94,C,0.0
7,94,G,-0.7682782411575317
7,95,A,-0.2050309181213379
7,95,T,-0.01996326446533203
7,95,C,0.0
7,95,G,-2.767050623893738
7,96,A,0.3075827360153198
7,96,T,0.2816113233566284
7,96,C,0.0
7,96,G,-2.585552215576172
7,97,A,2.369094431400299
7,97,T,2.5127458572387695
7,97,C,0.0
7,97,G,-0.10561180114746094
7,98,A,2.390814781188965
7,98,T,2.509467124938965
7,98,C,1.697439193725586
7,98,G,0.0
7,99,A,0.3669891357421875
7,99,T,0.7225446701049805
7,99,C,0.0
7,99,G,0.4705277681350708
