Sequence_ID,Position,Amino_Acid,LLR
sp|O95905|ECD_HUMAN,1,A,-5.056670978665352
sp|O95905|ECD_HUMAN,1,C,-6.456582859158516
sp|O95905|ECD_HUMAN,1,D,-4.595908477902412
sp|O95905|ECD_HUMAN,1,E,-4.534582927823067
sp|O95905|ECD_HUMAN,1,F,-4.736177280545235
sp|O95905|ECD_HUMAN,1,G,-4.859192207455635
sp|O95905|ECD_HUMAN,1,H,-6.068651035428047
sp|O95905|ECD_HUMAN,1,I,-4.339372470974922
sp|O95905|ECD_HUMAN,1,K,-4.731344059109688
sp|O95905|ECD_HUMAN,1,L,-4.344576194882393
sp|O95905|ECD_HUMAN,1,M,0.0
sp|O95905|ECD_HUMAN,1,N,-4.966064289212227
sp|O95905|ECD_HUMAN,1,P,-5.016010120511055
sp|O95905|ECD_HUMAN,1,Q,-5.653386905789375
sp|O95905|ECD_HUMAN,1,R,-5.252286270260811
sp|O95905|ECD_HUMAN,1,S,-4.959624603390694
sp|O95905|ECD_HUMAN,1,T,-4.994921997189522
sp|O95905|ECD_HUMAN,1,V,-4.563304737210274
sp|O95905|ECD_HUMAN,1,W,-6.407414272427559
sp|O95905|ECD_HUMAN,1,Y,-4.979508712887764
sp|O95905|ECD_HUMAN,2,A,0.138885498046875
sp|O95905|ECD_HUMAN,2,C,-2.3186137676239014
sp|O95905|ECD_HUMAN,2,D,-0.38311171531677246
sp|O95905|ECD_HUMAN,2,E,0.0
sp|O95905|ECD_HUMAN,2,F,-1.0235579013824463
sp|O95905|ECD_HUMAN,2,G,-0.49871039390563965
sp|O95905|ECD_HUMAN,2,H,-2.134384870529175
sp|O95905|ECD_HUMAN,2,I,-0.1456310749053955
sp|O95905|ECD_HUMAN,2,K,0.33801913261413574
sp|O95905|ECD_HUMAN,2,L,-0.3951563835144043
sp|O95905|ECD_HUMAN,2,M,-1.257530927658081
sp|O95905|ECD_HUMAN,2,N,0.03979802131652832
sp|O95905|ECD_HUMAN,2,P,-0.7232687473297119
sp|O95905|ECD_HUMAN,2,Q,-0.8946433067321777
sp|O95905|ECD_HUMAN,2,R,-1.0173778533935547
sp|O95905|ECD_HUMAN,2,S,0.526738166809082
sp|O95905|ECD_HUMAN,2,T,0.25957751274108887
sp|O95905|ECD_HUMAN,2,V,-0.6491615772247314
sp|O95905|ECD_HUMAN,2,W,-2.7956039905548096
sp|O95905|ECD_HUMAN,2,Y,-1.5105087757110596
sp|O95905|ECD_HUMAN,3,A,-1.0938646793365479
sp|O95905|ECD_HUMAN,3,C,-2.9543676376342773
sp|O95905|ECD_HUMAN,3,D,-0.5893557071685791
sp|O95905|ECD_HUMAN,3,E,0.0
sp|O95905|ECD_HUMAN,3,F,-1.1365385055541992
sp|O95905|ECD_HUMAN,3,G,-1.263240098953247
sp|O95905|ECD_HUMAN,3,H,-1.844609260559082
sp|O95905|ECD_HUMAN,3,I,-0.3342757225036621
sp|O95905|ECD_HUMAN,3,K,0.4051384925842285
sp|O95905|ECD_HUMAN,3,L,-0.6401152610778809
sp|O95905|ECD_HUMAN,3,M,-1.7024009227752686
sp|O95905|ECD_HUMAN,3,N,-0.1820814609527588
sp|O95905|ECD_HUMAN,3,P,-1.546020269393921
sp|O95905|ECD_HUMAN,3,Q,-0.880439043045044
sp|O95905|ECD_HUMAN,3,R,-0.7269299030303955
sp|O95905|ECD_HUMAN,3,S,-0.7905943393707275
sp|O95905|ECD_HUMAN,3,T,-0.43355464935302734
sp|O95905|ECD_HUMAN,3,V,-0.9351050853729248
sp|O95905|ECD_HUMAN,3,W,-2.656139850616455
sp|O95905|ECD_HUMAN,3,Y,-1.1096012592315674
sp|O95905|ECD_HUMAN,4,A,-0.08471441268920898
sp|O95905|ECD_HUMAN,4,C,-2.11430025100708
sp|O95905|ECD_HUMAN,4,D,-0.20363450050354004
sp|O95905|ECD_HUMAN,4,E,0.5483300685882568
sp|O95905|ECD_HUMAN,4,F,0.09918880462646484
sp|O95905|ECD_HUMAN,4,G,-0.4626140594482422
sp|O95905|ECD_HUMAN,4,H,-1.3521380424499512
sp|O95905|ECD_HUMAN,4,I,0.7958345413208008
sp|O95905|ECD_HUMAN,4,K,0.8231816291809082
sp|O95905|ECD_HUMAN,4,L,0.8656728267669678
sp|O95905|ECD_HUMAN,4,M,-0.5499560832977295
sp|O95905|ECD_HUMAN,4,N,0.18085813522338867
sp|O95905|ECD_HUMAN,4,P,-0.6330368518829346
sp|O95905|ECD_HUMAN,4,Q,-0.30364990234375
sp|O95905|ECD_HUMAN,4,R,-0.22534561157226562
sp|O95905|ECD_HUMAN,4,S,-0.18344759941101074
sp|O95905|ECD_HUMAN,4,T,0.0
sp|O95905|ECD_HUMAN,4,V,0.16150331497192383
sp|O95905|ECD_HUMAN,4,W,-1.208486557006836
sp|O95905|ECD_HUMAN,4,Y,-0.23331165313720703
sp|O95905|ECD_HUMAN,5,A,0.4206733703613281
sp|O95905|ECD_HUMAN,5,C,-1.4209799766540527
sp|O95905|ECD_HUMAN,5,D,0.4667668342590332
sp|O95905|ECD_HUMAN,5,E,1.312401294708252
sp|O95905|ECD_HUMAN,5,F,1.018080711364746
sp|O95905|ECD_HUMAN,5,G,0.3235151767730713
sp|O95905|ECD_HUMAN,5,H,-0.46112585067749023
sp|O95905|ECD_HUMAN,5,I,1.8681790828704834
sp|O95905|ECD_HUMAN,5,K,1.826209545135498
sp|O95905|ECD_HUMAN,5,L,1.4859950542449951
sp|O95905|ECD_HUMAN,5,M,0.0
sp|O95905|ECD_HUMAN,5,N,0.8921370506286621
sp|O95905|ECD_HUMAN,5,P,0.5843303203582764
sp|O95905|ECD_HUMAN,5,Q,0.614222526550293
sp|O95905|ECD_HUMAN,5,R,0.7460401058197021
sp|O95905|ECD_HUMAN,5,S,0.7737457752227783
sp|O95905|ECD_HUMAN,5,T,0.9846174716949463
sp|O95905|ECD_HUMAN,5,V,1.143615484237671
sp|O95905|ECD_HUMAN,5,W,-0.3682718276977539
sp|O95905|ECD_HUMAN,5,Y,0.8095321655273438
sp|O95905|ECD_HUMAN,6,A,-0.9028429985046387
sp|O95905|ECD_HUMAN,6,C,-2.893786907196045
sp|O95905|ECD_HUMAN,6,D,-0.5131254196166992
sp|O95905|ECD_HUMAN,6,E,-0.19635343551635742
sp|O95905|ECD_HUMAN,6,F,-1.139328956604004
sp|O95905|ECD_HUMAN,6,G,-1.1448261737823486
sp|O95905|ECD_HUMAN,6,H,-1.7056238651275635
sp|O95905|ECD_HUMAN,6,I,-0.525510311126709
sp|O95905|ECD_HUMAN,6,K,0.0
sp|O95905|ECD_HUMAN,6,L,-0.5375041961669922
sp|O95905|ECD_HUMAN,6,M,-1.7388181686401367
sp|O95905|ECD_HUMAN,6,N,-0.5380399227142334
sp|O95905|ECD_HUMAN,6,P,-0.7183835506439209
sp|O95905|ECD_HUMAN,6,Q,-0.9806935787200928
sp|O95905|ECD_HUMAN,6,R,-0.7534980773925781
sp|O95905|ECD_HUMAN,6,S,-0.699714183807373
sp|O95905|ECD_HUMAN,6,T,-0.5539448261260986
sp|O95905|ECD_HUMAN,6,V,-0.8176736831665039
sp|O95905|ECD_HUMAN,6,W,-2.3902688026428223
sp|O95905|ECD_HUMAN,6,Y,-1.1035244464874268
sp|O95905|ECD_HUMAN,7,A,-0.4930384159088135
sp|O95905|ECD_HUMAN,7,C,-2.4643983840942383
sp|O95905|ECD_HUMAN,7,D,-0.20702195167541504
sp|O95905|ECD_HUMAN,7,E,0.6812975406646729
sp|O95905|ECD_HUMAN,7,F,-0.514479398727417
sp|O95905|ECD_HUMAN,7,G,-0.5230894088745117
sp|O95905|ECD_HUMAN,7,H,-1.4630980491638184
sp|O95905|ECD_HUMAN,7,I,0.3590049743652344
sp|O95905|ECD_HUMAN,7,K,0.7275018692016602
sp|O95905|ECD_HUMAN,7,L,0.0
sp|O95905|ECD_HUMAN,7,M,-0.959601640701294
sp|O95905|ECD_HUMAN,7,N,0.044022321701049805
sp|O95905|ECD_HUMAN,7,P,-0.18613409996032715
sp|O95905|ECD_HUMAN,7,Q,-0.3341057300567627
sp|O95905|ECD_HUMAN,7,R,-0.5483007431030273
sp|O95905|ECD_HUMAN,7,S,-0.24016427993774414
sp|O95905|ECD_HUMAN,7,T,0.1634366512298584
sp|O95905|ECD_HUMAN,7,V,-0.16466498374938965
sp|O95905|ECD_HUMAN,7,W,-1.7378897666931152
sp|O95905|ECD_HUMAN,7,Y,-0.564429759979248
sp|O95905|ECD_HUMAN,8,A,0.0
sp|O95905|ECD_HUMAN,8,C,-1.5297245979309082
sp|O95905|ECD_HUMAN,8,D,0.11750221252441406
sp|O95905|ECD_HUMAN,8,E,0.7390961647033691
sp|O95905|ECD_HUMAN,8,F,0.2616395950317383
sp|O95905|ECD_HUMAN,8,G,-0.3241109848022461
sp|O95905|ECD_HUMAN,8,H,-0.921210765838623
sp|O95905|ECD_HUMAN,8,I,0.7997400760650635
sp|O95905|ECD_HUMAN,8,K,1.116999864578247
sp|O95905|ECD_HUMAN,8,L,1.03861665725708
sp|O95905|ECD_HUMAN,8,M,-0.11689996719360352
sp|O95905|ECD_HUMAN,8,N,0.22838735580444336
sp|O95905|ECD_HUMAN,8,P,0.6417694091796875
sp|O95905|ECD_HUMAN,8,Q,-0.15567779541015625
sp|O95905|ECD_HUMAN,8,R,-0.05331897735595703
sp|O95905|ECD_HUMAN,8,S,0.3247530460357666
sp|O95905|ECD_HUMAN,8,T,0.3668835163116455
sp|O95905|ECD_HUMAN,8,V,0.3357734680175781
sp|O95905|ECD_HUMAN,8,W,-1.218681812286377
sp|O95905|ECD_HUMAN,8,Y,0.05942487716674805
sp|O95905|ECD_HUMAN,9,A,-0.31925201416015625
sp|O95905|ECD_HUMAN,9,C,-2.0482983589172363
sp|O95905|ECD_HUMAN,9,D,0.21534967422485352
sp|O95905|ECD_HUMAN,9,E,0.5922706127166748
sp|O95905|ECD_HUMAN,9,F,-0.32074403762817383
sp|O95905|ECD_HUMAN,9,G,0.2908589839935303
sp|O95905|ECD_HUMAN,9,H,-1.2126283645629883
sp|O95905|ECD_HUMAN,9,I,0.019184589385986328
sp|O95905|ECD_HUMAN,9,K,0.5266258716583252
sp|O95905|ECD_HUMAN,9,L,0.17068934440612793
sp|O95905|ECD_HUMAN,9,M,-1.029240608215332
sp|O95905|ECD_HUMAN,9,N,0.05562329292297363
sp|O95905|ECD_HUMAN,9,P,-0.3153862953186035
sp|O95905|ECD_HUMAN,9,Q,-0.4456443786621094
sp|O95905|ECD_HUMAN,9,R,-0.3076596260070801
sp|O95905|ECD_HUMAN,9,S,0.11473417282104492
sp|O95905|ECD_HUMAN,9,T,0.0
sp|O95905|ECD_HUMAN,9,V,-0.17200112342834473
sp|O95905|ECD_HUMAN,9,W,-1.4704866409301758
sp|O95905|ECD_HUMAN,9,Y,-0.5363597869873047
sp|O95905|ECD_HUMAN,10,A,0.7066898345947266
sp|O95905|ECD_HUMAN,10,C,-1.2327656745910645
sp|O95905|ECD_HUMAN,10,D,1.0513238906860352
sp|O95905|ECD_HUMAN,10,E,1.3298728466033936
sp|O95905|ECD_HUMAN,10,F,1.0296401977539062
sp|O95905|ECD_HUMAN,10,G,0.5703487396240234
sp|O95905|ECD_HUMAN,10,H,-0.3443794250488281
sp|O95905|ECD_HUMAN,10,I,1.6758532524108887
sp|O95905|ECD_HUMAN,10,K,1.550550937652588
sp|O95905|ECD_HUMAN,10,L,1.680241584777832
sp|O95905|ECD_HUMAN,10,M,0.0
sp|O95905|ECD_HUMAN,10,N,0.733206033706665
sp|O95905|ECD_HUMAN,10,P,1.2145416736602783
sp|O95905|ECD_HUMAN,10,Q,0.26229405403137207
sp|O95905|ECD_HUMAN,10,R,0.6195647716522217
sp|O95905|ECD_HUMAN,10,S,0.7821211814880371
sp|O95905|ECD_HUMAN,10,T,0.8007562160491943
sp|O95905|ECD_HUMAN,10,V,1.193877935409546
sp|O95905|ECD_HUMAN,10,W,-0.24033737182617188
sp|O95905|ECD_HUMAN,10,Y,0.674736738204956
sp|O95905|ECD_HUMAN,11,A,-0.737321138381958
sp|O95905|ECD_HUMAN,11,C,-2.4522228240966797
sp|O95905|ECD_HUMAN,11,D,-0.2515437602996826
sp|O95905|ECD_HUMAN,11,E,0.0
sp|O95905|ECD_HUMAN,11,F,-1.002072811126709
sp|O95905|ECD_HUMAN,11,G,-0.5089786052703857
sp|O95905|ECD_HUMAN,11,H,-1.8001618385314941
sp|O95905|ECD_HUMAN,11,I,-0.4428586959838867
sp|O95905|ECD_HUMAN,11,K,-0.06450271606445312
sp|O95905|ECD_HUMAN,11,L,-0.2640664577484131
sp|O95905|ECD_HUMAN,11,M,-1.5119056701660156
sp|O95905|ECD_HUMAN,11,N,-0.5039584636688232
sp|O95905|ECD_HUMAN,11,P,-0.31328916549682617
sp|O95905|ECD_HUMAN,11,Q,-1.06351900100708
sp|O95905|ECD_HUMAN,11,R,-0.9989938735961914
sp|O95905|ECD_HUMAN,11,S,-0.5790345668792725
sp|O95905|ECD_HUMAN,11,T,-0.6210718154907227
sp|O95905|ECD_HUMAN,11,V,-0.8035392761230469
sp|O95905|ECD_HUMAN,11,W,-2.385456085205078
sp|O95905|ECD_HUMAN,11,Y,-1.1568996906280518
sp|O95905|ECD_HUMAN,12,A,-0.9269752502441406
sp|O95905|ECD_HUMAN,12,C,-2.7409322261810303
sp|O95905|ECD_HUMAN,12,D,0.0
sp|O95905|ECD_HUMAN,12,E,0.2840338945388794
sp|O95905|ECD_HUMAN,12,F,-1.417680025100708
sp|O95905|ECD_HUMAN,12,G,-0.42993688583374023
sp|O95905|ECD_HUMAN,12,H,-1.6353580951690674
sp|O95905|ECD_HUMAN,12,I,-1.0880258083343506
sp|O95905|ECD_HUMAN,12,K,-0.24814081192016602
sp|O95905|ECD_HUMAN,12,L,-1.0529401302337646
sp|O95905|ECD_HUMAN,12,M,-1.9047296047210693
sp|O95905|ECD_HUMAN,12,N,-0.4144406318664551
sp|O95905|ECD_HUMAN,12,P,-1.1474297046661377
sp|O95905|ECD_HUMAN,12,Q,-0.8924591541290283
sp|O95905|ECD_HUMAN,12,R,-1.158134937286377
sp|O95905|ECD_HUMAN,12,S,-0.8698704242706299
sp|O95905|ECD_HUMAN,12,T,-0.9722235202789307
sp|O95905|ECD_HUMAN,12,V,-1.1882169246673584
sp|O95905|ECD_HUMAN,12,W,-2.764305353164673
sp|O95905|ECD_HUMAN,12,Y,-1.3847429752349854
sp|O95905|ECD_HUMAN,13,A,1.3950145244598389
sp|O95905|ECD_HUMAN,13,C,-0.5570242404937744
sp|O95905|ECD_HUMAN,13,D,0.02173757553100586
sp|O95905|ECD_HUMAN,13,E,0.13335204124450684
sp|O95905|ECD_HUMAN,13,F,1.5012502670288086
sp|O95905|ECD_HUMAN,13,G,0.6112196445465088
sp|O95905|ECD_HUMAN,13,H,-1.0887300968170166
sp|O95905|ECD_HUMAN,13,I,1.7458218336105347
sp|O95905|ECD_HUMAN,13,K,0.08302879333496094
sp|O95905|ECD_HUMAN,13,L,2.0268499851226807
sp|O95905|ECD_HUMAN,13,M,0.485398530960083
sp|O95905|ECD_HUMAN,13,N,-0.34368014335632324
sp|O95905|ECD_HUMAN,13,P,-0.47291064262390137
sp|O95905|ECD_HUMAN,13,Q,-0.7054789066314697
sp|O95905|ECD_HUMAN,13,R,-0.3830559253692627
sp|O95905|ECD_HUMAN,13,S,-0.13034486770629883
sp|O95905|ECD_HUMAN,13,T,0.0
sp|O95905|ECD_HUMAN,13,V,1.2465016841888428
sp|O95905|ECD_HUMAN,13,W,-0.21111273765563965
sp|O95905|ECD_HUMAN,13,Y,0.6844384670257568
sp|O95905|ECD_HUMAN,14,A,-0.2719845771789551
sp|O95905|ECD_HUMAN,14,C,-1.6172726154327393
sp|O95905|ECD_HUMAN,14,D,0.06556844711303711
sp|O95905|ECD_HUMAN,14,E,0.2623898983001709
sp|O95905|ECD_HUMAN,14,F,-0.40770912170410156
sp|O95905|ECD_HUMAN,14,G,0.14085841178894043
sp|O95905|ECD_HUMAN,14,H,-1.2959692478179932
sp|O95905|ECD_HUMAN,14,I,0.3170509338378906
sp|O95905|ECD_HUMAN,14,K,0.4164273738861084
sp|O95905|ECD_HUMAN,14,L,0.3402419090270996
sp|O95905|ECD_HUMAN,14,M,-1.0313475131988525
sp|O95905|ECD_HUMAN,14,N,-0.3136012554168701
sp|O95905|ECD_HUMAN,14,P,-0.13848066329956055
sp|O95905|ECD_HUMAN,14,Q,-0.7615385055541992
sp|O95905|ECD_HUMAN,14,R,-0.2797389030456543
sp|O95905|ECD_HUMAN,14,S,-0.31476879119873047
sp|O95905|ECD_HUMAN,14,T,-0.31095385551452637
sp|O95905|ECD_HUMAN,14,V,0.0
sp|O95905|ECD_HUMAN,14,W,-1.6195604801177979
sp|O95905|ECD_HUMAN,14,Y,-0.46904420852661133
sp|O95905|ECD_HUMAN,15,A,-0.5526618957519531
sp|O95905|ECD_HUMAN,15,C,-2.0652713775634766
sp|O95905|ECD_HUMAN,15,D,-0.3006923198699951
sp|O95905|ECD_HUMAN,15,E,0.0
sp|O95905|ECD_HUMAN,15,F,-0.9973211288452148
sp|O95905|ECD_HUMAN,15,G,-0.4776129722595215
sp|O95905|ECD_HUMAN,15,H,-1.2090187072753906
sp|O95905|ECD_HUMAN,15,I,-0.7687268257141113
sp|O95905|ECD_HUMAN,15,K,0.06266498565673828
sp|O95905|ECD_HUMAN,15,L,-0.5928289890289307
sp|O95905|ECD_HUMAN,15,M,-1.858518123626709
sp|O95905|ECD_HUMAN,15,N,-0.47626280784606934
sp|O95905|ECD_HUMAN,15,P,-0.9196438789367676
sp|O95905|ECD_HUMAN,15,Q,-0.8814201354980469
sp|O95905|ECD_HUMAN,15,R,-0.3972282409667969
sp|O95905|ECD_HUMAN,15,S,-0.404630184173584
sp|O95905|ECD_HUMAN,15,T,-0.6458914279937744
sp|O95905|ECD_HUMAN,15,V,-0.8359911441802979
sp|O95905|ECD_HUMAN,15,W,-2.1753029823303223
sp|O95905|ECD_HUMAN,15,Y,-0.8239638805389404
sp|O95905|ECD_HUMAN,16,A,0.2694883346557617
sp|O95905|ECD_HUMAN,16,C,-1.4370825290679932
sp|O95905|ECD_HUMAN,16,D,0.15235686302185059
sp|O95905|ECD_HUMAN,16,E,0.5784342288970947
sp|O95905|ECD_HUMAN,16,F,0.06371021270751953
sp|O95905|ECD_HUMAN,16,G,0.16110825538635254
sp|O95905|ECD_HUMAN,16,H,-0.625952959060669
sp|O95905|ECD_HUMAN,16,I,0.2535674571990967
sp|O95905|ECD_HUMAN,16,K,0.5651564598083496
sp|O95905|ECD_HUMAN,16,L,0.3827226161956787
sp|O95905|ECD_HUMAN,16,M,-0.8237941265106201
sp|O95905|ECD_HUMAN,16,N,0.044071197509765625
sp|O95905|ECD_HUMAN,16,P,-0.6404998302459717
sp|O95905|ECD_HUMAN,16,Q,-0.2955601215362549
sp|O95905|ECD_HUMAN,16,R,0.011669158935546875
sp|O95905|ECD_HUMAN,16,S,-0.11568832397460938
sp|O95905|ECD_HUMAN,16,T,-0.08463883399963379
sp|O95905|ECD_HUMAN,16,V,0.1669483184814453
sp|O95905|ECD_HUMAN,16,W,-1.3812615871429443
sp|O95905|ECD_HUMAN,16,Y,0.0
sp|O95905|ECD_HUMAN,17,A,1.2918646335601807
sp|O95905|ECD_HUMAN,17,C,0.0
sp|O95905|ECD_HUMAN,17,D,1.5156595706939697
sp|O95905|ECD_HUMAN,17,E,1.7822253704071045
sp|O95905|ECD_HUMAN,17,F,1.127532958984375
sp|O95905|ECD_HUMAN,17,G,1.402963399887085
sp|O95905|ECD_HUMAN,17,H,0.6668026447296143
sp|O95905|ECD_HUMAN,17,I,1.4356286525726318
sp|O95905|ECD_HUMAN,17,K,1.576568365097046
sp|O95905|ECD_HUMAN,17,L,1.7500522136688232
sp|O95905|ECD_HUMAN,17,M,0.496828556060791
sp|O95905|ECD_HUMAN,17,N,1.2237880229949951
sp|O95905|ECD_HUMAN,17,P,0.9986691474914551
sp|O95905|ECD_HUMAN,17,Q,0.9075024127960205
sp|O95905|ECD_HUMAN,17,R,1.2378058433532715
sp|O95905|ECD_HUMAN,17,S,1.4939558506011963
sp|O95905|ECD_HUMAN,17,T,1.4335427284240723
sp|O95905|ECD_HUMAN,17,V,1.2706174850463867
sp|O95905|ECD_HUMAN,17,W,-0.0571904182434082
sp|O95905|ECD_HUMAN,17,Y,1.2062747478485107
sp|O95905|ECD_HUMAN,18,A,-0.26032042503356934
sp|O95905|ECD_HUMAN,18,C,-1.427595615386963
sp|O95905|ECD_HUMAN,18,D,-0.11092805862426758
sp|O95905|ECD_HUMAN,18,E,0.15765905380249023
sp|O95905|ECD_HUMAN,18,F,-0.36409592628479004
sp|O95905|ECD_HUMAN,18,G,-0.0886235237121582
sp|O95905|ECD_HUMAN,18,H,-0.9670379161834717
sp|O95905|ECD_HUMAN,18,I,-0.1407146453857422
sp|O95905|ECD_HUMAN,18,K,0.4613213539123535
sp|O95905|ECD_HUMAN,18,L,0.0
sp|O95905|ECD_HUMAN,18,M,-1.281529426574707
sp|O95905|ECD_HUMAN,18,N,-0.1420595645904541
sp|O95905|ECD_HUMAN,18,P,-0.7135636806488037
sp|O95905|ECD_HUMAN,18,Q,-0.44658589363098145
sp|O95905|ECD_HUMAN,18,R,0.09847259521484375
sp|O95905|ECD_HUMAN,18,S,-0.14039206504821777
sp|O95905|ECD_HUMAN,18,T,-0.3373599052429199
sp|O95905|ECD_HUMAN,18,V,-0.13436436653137207
sp|O95905|ECD_HUMAN,18,W,-1.6313190460205078
sp|O95905|ECD_HUMAN,18,Y,-0.3893930912017822
sp|O95905|ECD_HUMAN,19,A,1.154818058013916
sp|O95905|ECD_HUMAN,19,C,-0.879239559173584
sp|O95905|ECD_HUMAN,19,D,1.30137038230896
sp|O95905|ECD_HUMAN,19,E,1.5893349647521973
sp|O95905|ECD_HUMAN,19,F,0.0
sp|O95905|ECD_HUMAN,19,G,1.243194818496704
sp|O95905|ECD_HUMAN,19,H,-0.03855085372924805
sp|O95905|ECD_HUMAN,19,I,-0.00834202766418457
sp|O95905|ECD_HUMAN,19,K,1.7807285785675049
sp|O95905|ECD_HUMAN,19,L,0.4441030025482178
sp|O95905|ECD_HUMAN,19,M,-0.3268609046936035
sp|O95905|ECD_HUMAN,19,N,1.404909610748291
sp|O95905|ECD_HUMAN,19,P,0.4224395751953125
sp|O95905|ECD_HUMAN,19,Q,0.859799861907959
sp|O95905|ECD_HUMAN,19,R,1.048616886138916
sp|O95905|ECD_HUMAN,19,S,2.09840726852417
sp|O95905|ECD_HUMAN,19,T,1.1282508373260498
sp|O95905|ECD_HUMAN,19,V,0.08562850952148438
sp|O95905|ECD_HUMAN,19,W,-0.6464214324951172
sp|O95905|ECD_HUMAN,19,Y,0.18067479133605957
sp|O95905|ECD_HUMAN,20,A,-0.3780977725982666
sp|O95905|ECD_HUMAN,20,C,-1.3998534679412842
sp|O95905|ECD_HUMAN,20,D,-0.06815862655639648
sp|O95905|ECD_HUMAN,20,E,0.10032963752746582
sp|O95905|ECD_HUMAN,20,F,-0.2527503967285156
sp|O95905|ECD_HUMAN,20,G,-0.16284894943237305
sp|O95905|ECD_HUMAN,20,H,-0.8803455829620361
sp|O95905|ECD_HUMAN,20,I,-0.026463985443115234
sp|O95905|ECD_HUMAN,20,K,-0.15484905242919922
sp|O95905|ECD_HUMAN,20,L,0.0
sp|O95905|ECD_HUMAN,20,M,-1.2511415481567383
sp|O95905|ECD_HUMAN,20,N,-0.21285009384155273
sp|O95905|ECD_HUMAN,20,P,-0.8806746006011963
sp|O95905|ECD_HUMAN,20,Q,-0.8593428134918213
sp|O95905|ECD_HUMAN,20,R,-0.5950188636779785
sp|O95905|ECD_HUMAN,20,S,-0.12035632133483887
sp|O95905|ECD_HUMAN,20,T,-0.19002676010131836
sp|O95905|ECD_HUMAN,20,V,-0.08982181549072266
sp|O95905|ECD_HUMAN,20,W,-1.5799062252044678
sp|O95905|ECD_HUMAN,20,Y,-0.11507940292358398
sp|O95905|ECD_HUMAN,21,A,-0.3943498134613037
sp|O95905|ECD_HUMAN,21,C,-1.4066038131713867
sp|O95905|ECD_HUMAN,21,D,-0.03736114501953125
sp|O95905|ECD_HUMAN,21,E,-0.19844579696655273
sp|O95905|ECD_HUMAN,21,F,-0.14099502563476562
sp|O95905|ECD_HUMAN,21,G,-0.5699875354766846
sp|O95905|ECD_HUMAN,21,H,-0.8092024326324463
sp|O95905|ECD_HUMAN,21,I,0.0
sp|O95905|ECD_HUMAN,21,K,0.08513593673706055
sp|O95905|ECD_HUMAN,21,L,0.3435654640197754
sp|O95905|ECD_HUMAN,21,M,-0.863041877746582
sp|O95905|ECD_HUMAN,21,N,0.030808210372924805
sp|O95905|ECD_HUMAN,21,P,-0.4224727153778076
sp|O95905|ECD_HUMAN,21,Q,-0.933401346206665
sp|O95905|ECD_HUMAN,21,R,-0.5541856288909912
sp|O95905|ECD_HUMAN,21,S,-0.070281982421875
sp|O95905|ECD_HUMAN,21,T,-0.12075233459472656
sp|O95905|ECD_HUMAN,21,V,-0.2252211570739746
sp|O95905|ECD_HUMAN,21,W,-1.6019830703735352
sp|O95905|ECD_HUMAN,21,Y,-0.13721418380737305
sp|O95905|ECD_HUMAN,22,A,0.2341451644897461
sp|O95905|ECD_HUMAN,22,C,-1.2655065059661865
sp|O95905|ECD_HUMAN,22,D,0.2988474369049072
sp|O95905|ECD_HUMAN,22,E,0.450547456741333
sp|O95905|ECD_HUMAN,22,F,-0.1014258861541748
sp|O95905|ECD_HUMAN,22,G,0.3106412887573242
sp|O95905|ECD_HUMAN,22,H,-0.9297542572021484
sp|O95905|ECD_HUMAN,22,I,0.05303621292114258
sp|O95905|ECD_HUMAN,22,K,0.43573474884033203
sp|O95905|ECD_HUMAN,22,L,0.40408968925476074
sp|O95905|ECD_HUMAN,22,M,-0.8094756603240967
sp|O95905|ECD_HUMAN,22,N,0.05749845504760742
sp|O95905|ECD_HUMAN,22,P,0.0
sp|O95905|ECD_HUMAN,22,Q,-0.4629781246185303
sp|O95905|ECD_HUMAN,22,R,-0.16223692893981934
sp|O95905|ECD_HUMAN,22,S,0.2514028549194336
sp|O95905|ECD_HUMAN,22,T,0.02104663848876953
sp|O95905|ECD_HUMAN,22,V,-0.07201027870178223
sp|O95905|ECD_HUMAN,22,W,-1.2835781574249268
sp|O95905|ECD_HUMAN,22,Y,-0.20012164115905762
sp|O95905|ECD_HUMAN,23,A,-0.3253915309906006
sp|O95905|ECD_HUMAN,23,C,-1.8625905513763428
sp|O95905|ECD_HUMAN,23,D,0.0
sp|O95905|ECD_HUMAN,23,E,0.473036527633667
sp|O95905|ECD_HUMAN,23,F,-0.22611355781555176
sp|O95905|ECD_HUMAN,23,G,-0.3233215808868408
sp|O95905|ECD_HUMAN,23,H,-1.2175540924072266
sp|O95905|ECD_HUMAN,23,I,0.00701141357421875
sp|O95905|ECD_HUMAN,23,K,0.6003451347351074
sp|O95905|ECD_HUMAN,23,L,0.13617324829101562
sp|O95905|ECD_HUMAN,23,M,-1.0485539436340332
sp|O95905|ECD_HUMAN,23,N,-0.31862831115722656
sp|O95905|ECD_HUMAN,23,P,-0.021296977996826172
sp|O95905|ECD_HUMAN,23,Q,-0.676304817199707
sp|O95905|ECD_HUMAN,23,R,-0.5004217624664307
sp|O95905|ECD_HUMAN,23,S,-0.11237144470214844
sp|O95905|ECD_HUMAN,23,T,-0.37429237365722656
sp|O95905|ECD_HUMAN,23,V,-0.13694477081298828
sp|O95905|ECD_HUMAN,23,W,-1.5859649181365967
sp|O95905|ECD_HUMAN,23,Y,-0.3903210163116455
sp|O95905|ECD_HUMAN,24,A,-0.5187797546386719
sp|O95905|ECD_HUMAN,24,C,-1.7614715099334717
sp|O95905|ECD_HUMAN,24,D,-0.06672167778015137
sp|O95905|ECD_HUMAN,24,E,0.0
sp|O95905|ECD_HUMAN,24,F,0.04635000228881836
sp|O95905|ECD_HUMAN,24,G,-0.061942338943481445
sp|O95905|ECD_HUMAN,24,H,-1.2079761028289795
sp|O95905|ECD_HUMAN,24,I,0.09137487411499023
sp|O95905|ECD_HUMAN,24,K,-0.013720035552978516
sp|O95905|ECD_HUMAN,24,L,0.290130615234375
sp|O95905|ECD_HUMAN,24,M,-1.1010417938232422
sp|O95905|ECD_HUMAN,24,N,-0.16085529327392578
sp|O95905|ECD_HUMAN,24,P,-0.5284948348999023
sp|O95905|ECD_HUMAN,24,Q,-1.021944522857666
sp|O95905|ECD_HUMAN,24,R,-0.8083393573760986
sp|O95905|ECD_HUMAN,24,S,-0.09992289543151855
sp|O95905|ECD_HUMAN,24,T,-0.4318420886993408
sp|O95905|ECD_HUMAN,24,V,-0.3603639602661133
sp|O95905|ECD_HUMAN,24,W,-1.357438325881958
sp|O95905|ECD_HUMAN,24,Y,-0.2142784595489502
sp|O95905|ECD_HUMAN,25,A,0.20127558708190918
sp|O95905|ECD_HUMAN,25,C,-0.9494621753692627
sp|O95905|ECD_HUMAN,25,D,-0.05890250205993652
sp|O95905|ECD_HUMAN,25,E,0.3262312412261963
sp|O95905|ECD_HUMAN,25,F,0.9053573608398438
sp|O95905|ECD_HUMAN,25,G,-0.10823869705200195
sp|O95905|ECD_HUMAN,25,H,-0.7041068077087402
sp|O95905|ECD_HUMAN,25,I,1.1948130130767822
sp|O95905|ECD_HUMAN,25,K,0.4129774570465088
sp|O95905|ECD_HUMAN,25,L,1.229006052017212
sp|O95905|ECD_HUMAN,25,M,-0.11522841453552246
sp|O95905|ECD_HUMAN,25,N,-0.005734682083129883
sp|O95905|ECD_HUMAN,25,P,-0.4557805061340332
sp|O95905|ECD_HUMAN,25,Q,-0.5773782730102539
sp|O95905|ECD_HUMAN,25,R,-0.46454811096191406
sp|O95905|ECD_HUMAN,25,S,0.0
sp|O95905|ECD_HUMAN,25,T,0.07129645347595215
sp|O95905|ECD_HUMAN,25,V,0.749614953994751
sp|O95905|ECD_HUMAN,25,W,-0.274273157119751
sp|O95905|ECD_HUMAN,25,Y,0.8140909671783447
sp|O95905|ECD_HUMAN,26,A,0.8017940521240234
sp|O95905|ECD_HUMAN,26,C,-0.6762304306030273
sp|O95905|ECD_HUMAN,26,D,0.667506217956543
sp|O95905|ECD_HUMAN,26,E,1.2479288578033447
sp|O95905|ECD_HUMAN,26,F,1.2118918895721436
sp|O95905|ECD_HUMAN,26,G,0.5583524703979492
sp|O95905|ECD_HUMAN,26,H,-0.6740608215332031
sp|O95905|ECD_HUMAN,26,I,1.6867074966430664
sp|O95905|ECD_HUMAN,26,K,1.2910761833190918
sp|O95905|ECD_HUMAN,26,L,1.6136877536773682
sp|O95905|ECD_HUMAN,26,M,0.49100375175476074
sp|O95905|ECD_HUMAN,26,N,0.3715076446533203
sp|O95905|ECD_HUMAN,26,P,0.6175351142883301
sp|O95905|ECD_HUMAN,26,Q,0.029043912887573242
sp|O95905|ECD_HUMAN,26,R,0.0
sp|O95905|ECD_HUMAN,26,S,0.826789140701294
sp|O95905|ECD_HUMAN,26,T,0.8127293586730957
sp|O95905|ECD_HUMAN,26,V,1.225400447845459
sp|O95905|ECD_HUMAN,26,W,-0.17597150802612305
sp|O95905|ECD_HUMAN,26,Y,0.7022240161895752
sp|O95905|ECD_HUMAN,27,A,0.2831850051879883
sp|O95905|ECD_HUMAN,27,C,-0.9065711498260498
sp|O95905|ECD_HUMAN,27,D,0.0
sp|O95905|ECD_HUMAN,27,E,0.023319244384765625
sp|O95905|ECD_HUMAN,27,F,1.089277744293213
sp|O95905|ECD_HUMAN,27,G,-0.4056227207183838
sp|O95905|ECD_HUMAN,27,H,-0.9315917491912842
sp|O95905|ECD_HUMAN,27,I,1.339550495147705
sp|O95905|ECD_HUMAN,27,K,-0.1714787483215332
sp|O95905|ECD_HUMAN,27,L,2.16549015045166
sp|O95905|ECD_HUMAN,27,M,0.23006129264831543
sp|O95905|ECD_HUMAN,27,N,-0.27100372314453125
sp|O95905|ECD_HUMAN,27,P,0.5280170440673828
sp|O95905|ECD_HUMAN,27,Q,-0.8928921222686768
sp|O95905|ECD_HUMAN,27,R,-0.7504942417144775
sp|O95905|ECD_HUMAN,27,S,-0.13265109062194824
sp|O95905|ECD_HUMAN,27,T,-0.041635990142822266
sp|O95905|ECD_HUMAN,27,V,0.8114197254180908
sp|O95905|ECD_HUMAN,27,W,-0.6074559688568115
sp|O95905|ECD_HUMAN,27,Y,0.5337729454040527
sp|O95905|ECD_HUMAN,28,A,-0.23107194900512695
sp|O95905|ECD_HUMAN,28,C,-2.3926830291748047
sp|O95905|ECD_HUMAN,28,D,-0.08905935287475586
sp|O95905|ECD_HUMAN,28,E,0.5972445011138916
sp|O95905|ECD_HUMAN,28,F,0.19684529304504395
sp|O95905|ECD_HUMAN,28,G,-0.7839837074279785
sp|O95905|ECD_HUMAN,28,H,-1.0114014148712158
sp|O95905|ECD_HUMAN,28,I,0.6379594802856445
sp|O95905|ECD_HUMAN,28,K,0.4089035987854004
sp|O95905|ECD_HUMAN,28,L,0.5702962875366211
sp|O95905|ECD_HUMAN,28,M,-0.7818965911865234
sp|O95905|ECD_HUMAN,28,N,-0.35587000846862793
sp|O95905|ECD_HUMAN,28,P,-0.01518869400024414
sp|O95905|ECD_HUMAN,28,Q,-0.8238654136657715
sp|O95905|ECD_HUMAN,28,R,-0.25203704833984375
sp|O95905|ECD_HUMAN,28,S,0.0
sp|O95905|ECD_HUMAN,28,T,-0.07092976570129395
sp|O95905|ECD_HUMAN,28,V,0.06115889549255371
sp|O95905|ECD_HUMAN,28,W,-0.727595329284668
sp|O95905|ECD_HUMAN,28,Y,0.17219758033752441
sp|O95905|ECD_HUMAN,29,A,-0.5088405609130859
sp|O95905|ECD_HUMAN,29,C,-3.8889434337615967
sp|O95905|ECD_HUMAN,29,D,0.0
sp|O95905|ECD_HUMAN,29,E,0.8668566942214966
sp|O95905|ECD_HUMAN,29,F,-1.6772520542144775
sp|O95905|ECD_HUMAN,29,G,-1.2588176727294922
sp|O95905|ECD_HUMAN,29,H,-2.3294336795806885
sp|O95905|ECD_HUMAN,29,I,-0.7656557559967041
sp|O95905|ECD_HUMAN,29,K,0.23904061317443848
sp|O95905|ECD_HUMAN,29,L,-0.6586449146270752
sp|O95905|ECD_HUMAN,29,M,-2.1176869869232178
sp|O95905|ECD_HUMAN,29,N,-1.0797691345214844
sp|O95905|ECD_HUMAN,29,P,0.08527445793151855
sp|O95905|ECD_HUMAN,29,Q,-0.5251719951629639
sp|O95905|ECD_HUMAN,29,R,-1.119481086730957
sp|O95905|ECD_HUMAN,29,S,-0.5828919410705566
sp|O95905|ECD_HUMAN,29,T,-0.951491117477417
sp|O95905|ECD_HUMAN,29,V,-0.961860179901123
sp|O95905|ECD_HUMAN,29,W,-2.9212276935577393
sp|O95905|ECD_HUMAN,29,Y,-1.939514398574829
sp|O95905|ECD_HUMAN,30,A,-0.8170895576477051
sp|O95905|ECD_HUMAN,30,C,-3.654085636138916
sp|O95905|ECD_HUMAN,30,D,-0.8898844718933105
sp|O95905|ECD_HUMAN,30,E,0.4011796712875366
sp|O95905|ECD_HUMAN,30,F,-1.2874271869659424
sp|O95905|ECD_HUMAN,30,G,-1.5568673610687256
sp|O95905|ECD_HUMAN,30,H,-2.1308469772338867
sp|O95905|ECD_HUMAN,30,I,-0.8533854484558105
sp|O95905|ECD_HUMAN,30,K,0.0
sp|O95905|ECD_HUMAN,30,L,-0.7556216716766357
sp|O95905|ECD_HUMAN,30,M,-2.242608070373535
sp|O95905|ECD_HUMAN,30,N,-1.3926029205322266
sp|O95905|ECD_HUMAN,30,P,-1.9735183715820312
sp|O95905|ECD_HUMAN,30,Q,-1.1026403903961182
sp|O95905|ECD_HUMAN,30,R,-0.86297607421875
sp|O95905|ECD_HUMAN,30,S,-1.1043987274169922
sp|O95905|ECD_HUMAN,30,T,-1.1658053398132324
sp|O95905|ECD_HUMAN,30,V,-1.099273681640625
sp|O95905|ECD_HUMAN,30,W,-2.511786460876465
sp|O95905|ECD_HUMAN,30,Y,-1.2812106609344482
sp|O95905|ECD_HUMAN,31,A,1.9592039585113525
sp|O95905|ECD_HUMAN,31,C,-0.47632694244384766
sp|O95905|ECD_HUMAN,31,D,1.1340076923370361
sp|O95905|ECD_HUMAN,31,E,1.5785040855407715
sp|O95905|ECD_HUMAN,31,F,0.6113367080688477
sp|O95905|ECD_HUMAN,31,G,1.0109291076660156
sp|O95905|ECD_HUMAN,31,H,0.0
sp|O95905|ECD_HUMAN,31,I,1.3485655784606934
sp|O95905|ECD_HUMAN,31,K,1.335174560546875
sp|O95905|ECD_HUMAN,31,L,1.4428131580352783
sp|O95905|ECD_HUMAN,31,M,0.3254263401031494
sp|O95905|ECD_HUMAN,31,N,0.7797834873199463
sp|O95905|ECD_HUMAN,31,P,-0.36826276779174805
sp|O95905|ECD_HUMAN,31,Q,1.21309494972229
sp|O95905|ECD_HUMAN,31,R,1.2284948825836182
sp|O95905|ECD_HUMAN,31,S,1.0324416160583496
sp|O95905|ECD_HUMAN,31,T,1.2059602737426758
sp|O95905|ECD_HUMAN,31,V,1.4493019580841064
sp|O95905|ECD_HUMAN,31,W,-0.9561176300048828
sp|O95905|ECD_HUMAN,31,Y,0.6728167533874512
sp|O95905|ECD_HUMAN,32,A,-1.2571783065795898
sp|O95905|ECD_HUMAN,32,C,-2.9043643474578857
sp|O95905|ECD_HUMAN,32,D,-1.7539007663726807
sp|O95905|ECD_HUMAN,32,E,-1.128868818283081
sp|O95905|ECD_HUMAN,32,F,-1.26509690284729
sp|O95905|ECD_HUMAN,32,G,-2.067023277282715
sp|O95905|ECD_HUMAN,32,H,-2.0899906158447266
sp|O95905|ECD_HUMAN,32,I,-0.5869920253753662
sp|O95905|ECD_HUMAN,32,K,0.0
sp|O95905|ECD_HUMAN,32,L,-0.6083853244781494
sp|O95905|ECD_HUMAN,32,M,-1.8794965744018555
sp|O95905|ECD_HUMAN,32,N,-1.3892457485198975
sp|O95905|ECD_HUMAN,32,P,-2.142129898071289
sp|O95905|ECD_HUMAN,32,Q,-1.3010504245758057
sp|O95905|ECD_HUMAN,32,R,-0.41278696060180664
sp|O95905|ECD_HUMAN,32,S,-1.5784785747528076
sp|O95905|ECD_HUMAN,32,T,-1.553417682647705
sp|O95905|ECD_HUMAN,32,V,-1.189781665802002
sp|O95905|ECD_HUMAN,32,W,-2.3601434230804443
sp|O95905|ECD_HUMAN,32,Y,-1.3549973964691162
sp|O95905|ECD_HUMAN,33,A,-0.8864171504974365
sp|O95905|ECD_HUMAN,33,C,-4.7876012325286865
sp|O95905|ECD_HUMAN,33,D,-1.2641956806182861
sp|O95905|ECD_HUMAN,33,E,0.0
sp|O95905|ECD_HUMAN,33,F,-2.9125568866729736
sp|O95905|ECD_HUMAN,33,G,-2.3624846935272217
sp|O95905|ECD_HUMAN,33,H,-2.930781602859497
sp|O95905|ECD_HUMAN,33,I,-1.7357978820800781
sp|O95905|ECD_HUMAN,33,K,-0.5831444263458252
sp|O95905|ECD_HUMAN,33,L,-1.5612025260925293
sp|O95905|ECD_HUMAN,33,M,-2.854081869125366
sp|O95905|ECD_HUMAN,33,N,-1.7356038093566895
sp|O95905|ECD_HUMAN,33,P,-2.3895680904388428
sp|O95905|ECD_HUMAN,33,Q,-1.1837332248687744
sp|O95905|ECD_HUMAN,33,R,-1.5846350193023682
sp|O95905|ECD_HUMAN,33,S,-1.5315847396850586
sp|O95905|ECD_HUMAN,33,T,-1.5368783473968506
sp|O95905|ECD_HUMAN,33,V,-1.9611127376556396
sp|O95905|ECD_HUMAN,33,W,-4.08396315574646
sp|O95905|ECD_HUMAN,33,Y,-2.7851879596710205
sp|O95905|ECD_HUMAN,34,A,-0.06827640533447266
sp|O95905|ECD_HUMAN,34,C,-2.7444095611572266
sp|O95905|ECD_HUMAN,34,D,-0.4845082759857178
sp|O95905|ECD_HUMAN,34,E,0.23689508438110352
sp|O95905|ECD_HUMAN,34,F,-0.5876483917236328
sp|O95905|ECD_HUMAN,34,G,-1.3848519325256348
sp|O95905|ECD_HUMAN,34,H,-1.3757274150848389
sp|O95905|ECD_HUMAN,34,I,0.0
sp|O95905|ECD_HUMAN,34,K,-0.07854247093200684
sp|O95905|ECD_HUMAN,34,L,0.18513774871826172
sp|O95905|ECD_HUMAN,34,M,-1.0345628261566162
sp|O95905|ECD_HUMAN,34,N,-0.6202297210693359
sp|O95905|ECD_HUMAN,34,P,-2.2116761207580566
sp|O95905|ECD_HUMAN,34,Q,-0.6909515857696533
sp|O95905|ECD_HUMAN,34,R,-0.4163517951965332
sp|O95905|ECD_HUMAN,34,S,-0.8331811428070068
sp|O95905|ECD_HUMAN,34,T,-0.7456350326538086
sp|O95905|ECD_HUMAN,34,V,-0.5491819381713867
sp|O95905|ECD_HUMAN,34,W,-1.7786908149719238
sp|O95905|ECD_HUMAN,34,Y,-0.7060770988464355
sp|O95905|ECD_HUMAN,35,A,0.031676530838012695
sp|O95905|ECD_HUMAN,35,C,-1.6872475147247314
sp|O95905|ECD_HUMAN,35,D,-2.3324153423309326
sp|O95905|ECD_HUMAN,35,E,-1.5285072326660156
sp|O95905|ECD_HUMAN,35,F,-0.6928434371948242
sp|O95905|ECD_HUMAN,35,G,-1.460629940032959
sp|O95905|ECD_HUMAN,35,H,-2.039870023727417
sp|O95905|ECD_HUMAN,35,I,-0.09981727600097656
sp|O95905|ECD_HUMAN,35,K,-1.4346723556518555
sp|O95905|ECD_HUMAN,35,L,0.0
sp|O95905|ECD_HUMAN,35,M,-1.0423147678375244
sp|O95905|ECD_HUMAN,35,N,-1.736772060394287
sp|O95905|ECD_HUMAN,35,P,-2.8114588260650635
sp|O95905|ECD_HUMAN,35,Q,-1.3030521869659424
sp|O95905|ECD_HUMAN,35,R,-1.3172917366027832
sp|O95905|ECD_HUMAN,35,S,-1.134453296661377
sp|O95905|ECD_HUMAN,35,T,-0.9260311126708984
sp|O95905|ECD_HUMAN,35,V,-0.23438000679016113
sp|O95905|ECD_HUMAN,35,W,-1.9829986095428467
sp|O95905|ECD_HUMAN,35,Y,-0.8525815010070801
sp|O95905|ECD_HUMAN,36,A,-0.29108667373657227
sp|O95905|ECD_HUMAN,36,C,-2.045193672180176
sp|O95905|ECD_HUMAN,36,D,0.5687391757965088
sp|O95905|ECD_HUMAN,36,E,0.8967785835266113
sp|O95905|ECD_HUMAN,36,F,-1.0335962772369385
sp|O95905|ECD_HUMAN,36,G,-0.4975776672363281
sp|O95905|ECD_HUMAN,36,H,-1.1481175422668457
sp|O95905|ECD_HUMAN,36,I,-0.19991564750671387
sp|O95905|ECD_HUMAN,36,K,0.9342695474624634
sp|O95905|ECD_HUMAN,36,L,0.04793047904968262
sp|O95905|ECD_HUMAN,36,M,-1.178471565246582
sp|O95905|ECD_HUMAN,36,N,0.4196450710296631
sp|O95905|ECD_HUMAN,36,P,-1.478318691253662
sp|O95905|ECD_HUMAN,36,Q,0.0
sp|O95905|ECD_HUMAN,36,R,0.20681047439575195
sp|O95905|ECD_HUMAN,36,S,-0.0762472152709961
sp|O95905|ECD_HUMAN,36,T,-0.12070965766906738
sp|O95905|ECD_HUMAN,36,V,-0.5065486431121826
sp|O95905|ECD_HUMAN,36,W,-2.0053353309631348
sp|O95905|ECD_HUMAN,36,Y,-1.035888910293579
sp|O95905|ECD_HUMAN,37,A,-1.0426701307296753
sp|O95905|ECD_HUMAN,37,C,-3.699496865272522
sp|O95905|ECD_HUMAN,37,D,-0.5802105665206909
sp|O95905|ECD_HUMAN,37,E,-0.08868515491485596
sp|O95905|ECD_HUMAN,37,F,-2.3751503229141235
sp|O95905|ECD_HUMAN,37,G,-0.9724096059799194
sp|O95905|ECD_HUMAN,37,H,-1.935895562171936
sp|O95905|ECD_HUMAN,37,I,-2.0531076192855835
sp|O95905|ECD_HUMAN,37,K,0.0
sp|O95905|ECD_HUMAN,37,L,-1.6497982740402222
sp|O95905|ECD_HUMAN,37,M,-2.6747466325759888
sp|O95905|ECD_HUMAN,37,N,-0.5421746969223022
sp|O95905|ECD_HUMAN,37,P,-0.9209460020065308
sp|O95905|ECD_HUMAN,37,Q,-0.7820285558700562
sp|O95905|ECD_HUMAN,37,R,-0.903314471244812
sp|O95905|ECD_HUMAN,37,S,-0.719157338142395
sp|O95905|ECD_HUMAN,37,T,-0.9927455186843872
sp|O95905|ECD_HUMAN,37,V,-2.197846531867981
sp|O95905|ECD_HUMAN,37,W,-3.1606446504592896
sp|O95905|ECD_HUMAN,37,Y,-2.00235116481781
sp|O95905|ECD_HUMAN,38,A,0.8976123332977295
sp|O95905|ECD_HUMAN,38,C,-0.9391181468963623
sp|O95905|ECD_HUMAN,38,D,0.7100026607513428
sp|O95905|ECD_HUMAN,38,E,1.459343433380127
sp|O95905|ECD_HUMAN,38,F,-0.23770546913146973
sp|O95905|ECD_HUMAN,38,G,0.4998435974121094
sp|O95905|ECD_HUMAN,38,H,-0.02289557456970215
sp|O95905|ECD_HUMAN,38,I,0.4788539409637451
sp|O95905|ECD_HUMAN,38,K,0.33688855171203613
sp|O95905|ECD_HUMAN,38,L,0.29440832138061523
sp|O95905|ECD_HUMAN,38,M,-0.4760918617248535
sp|O95905|ECD_HUMAN,38,N,0.7732710838317871
sp|O95905|ECD_HUMAN,38,P,-1.7747976779937744
sp|O95905|ECD_HUMAN,38,Q,0.3646700382232666
sp|O95905|ECD_HUMAN,38,R,0.22519135475158691
sp|O95905|ECD_HUMAN,38,S,0.6073579788208008
sp|O95905|ECD_HUMAN,38,T,0.7726218700408936
sp|O95905|ECD_HUMAN,38,V,0.40821170806884766
sp|O95905|ECD_HUMAN,38,W,-1.5266735553741455
sp|O95905|ECD_HUMAN,38,Y,0.0
sp|O95905|ECD_HUMAN,39,A,0.37534165382385254
sp|O95905|ECD_HUMAN,39,C,-0.9384348392486572
sp|O95905|ECD_HUMAN,39,D,-1.3426427841186523
sp|O95905|ECD_HUMAN,39,E,-0.25429272651672363
sp|O95905|ECD_HUMAN,39,F,-0.2850322723388672
sp|O95905|ECD_HUMAN,39,G,0.07648086547851562
sp|O95905|ECD_HUMAN,39,H,-0.8280482292175293
sp|O95905|ECD_HUMAN,39,I,0.0
sp|O95905|ECD_HUMAN,39,K,0.4529554843902588
sp|O95905|ECD_HUMAN,39,L,-0.021332740783691406
sp|O95905|ECD_HUMAN,39,M,-0.9555249214172363
sp|O95905|ECD_HUMAN,39,N,-0.45151352882385254
sp|O95905|ECD_HUMAN,39,P,-1.2361247539520264
sp|O95905|ECD_HUMAN,39,Q,-0.3068544864654541
sp|O95905|ECD_HUMAN,39,R,0.16185617446899414
sp|O95905|ECD_HUMAN,39,S,-0.03334403038024902
sp|O95905|ECD_HUMAN,39,T,-0.2523033618927002
sp|O95905|ECD_HUMAN,39,V,-0.10996890068054199
sp|O95905|ECD_HUMAN,39,W,-1.682741641998291
sp|O95905|ECD_HUMAN,39,Y,-0.3405129909515381
sp|O95905|ECD_HUMAN,40,A,-1.4847785234451294
sp|O95905|ECD_HUMAN,40,C,-3.411261200904846
sp|O95905|ECD_HUMAN,40,D,0.31796586513519287
sp|O95905|ECD_HUMAN,40,E,0.0
sp|O95905|ECD_HUMAN,40,F,-2.6454511880874634
sp|O95905|ECD_HUMAN,40,G,-1.218347430229187
sp|O95905|ECD_HUMAN,40,H,-1.894806981086731
sp|O95905|ECD_HUMAN,40,I,-2.0934845209121704
sp|O95905|ECD_HUMAN,40,K,-0.45089638233184814
sp|O95905|ECD_HUMAN,40,L,-1.823180079460144
sp|O95905|ECD_HUMAN,40,M,-2.848487973213196
sp|O95905|ECD_HUMAN,40,N,-0.31834280490875244
sp|O95905|ECD_HUMAN,40,P,-1.2343231439590454
sp|O95905|ECD_HUMAN,40,Q,-1.0003377199172974
sp|O95905|ECD_HUMAN,40,R,-1.3343807458877563
sp|O95905|ECD_HUMAN,40,S,-0.8171786069869995
sp|O95905|ECD_HUMAN,40,T,-1.1074923276901245
sp|O95905|ECD_HUMAN,40,V,-2.136212468147278
sp|O95905|ECD_HUMAN,40,W,-3.549512028694153
sp|O95905|ECD_HUMAN,40,Y,-2.1495481729507446
sp|O95905|ECD_HUMAN,41,A,0.012427330017089844
sp|O95905|ECD_HUMAN,41,C,-2.164290428161621
sp|O95905|ECD_HUMAN,41,D,1.0952558517456055
sp|O95905|ECD_HUMAN,41,E,1.2615362405776978
sp|O95905|ECD_HUMAN,41,F,-0.5913162231445312
sp|O95905|ECD_HUMAN,41,G,0.5041642189025879
sp|O95905|ECD_HUMAN,41,H,-0.5636377334594727
sp|O95905|ECD_HUMAN,41,I,-0.6494824886322021
sp|O95905|ECD_HUMAN,41,K,0.892186164855957
sp|O95905|ECD_HUMAN,41,L,-0.3220803737640381
sp|O95905|ECD_HUMAN,41,M,-1.233720302581787
sp|O95905|ECD_HUMAN,41,N,0.7970337867736816
sp|O95905|ECD_HUMAN,41,P,0.4781787395477295
sp|O95905|ECD_HUMAN,41,Q,0.11513781547546387
sp|O95905|ECD_HUMAN,41,R,0.0
sp|O95905|ECD_HUMAN,41,S,0.5637493133544922
sp|O95905|ECD_HUMAN,41,T,0.3149845600128174
sp|O95905|ECD_HUMAN,41,V,-0.8283500671386719
sp|O95905|ECD_HUMAN,41,W,-1.4847631454467773
sp|O95905|ECD_HUMAN,41,Y,-0.29557132720947266
sp|O95905|ECD_HUMAN,42,A,-0.23897004127502441
sp|O95905|ECD_HUMAN,42,C,-1.2856554985046387
sp|O95905|ECD_HUMAN,42,D,-0.5608835220336914
sp|O95905|ECD_HUMAN,42,E,0.22676444053649902
sp|O95905|ECD_HUMAN,42,F,-0.11680483818054199
sp|O95905|ECD_HUMAN,42,G,-0.4028468132019043
sp|O95905|ECD_HUMAN,42,H,-1.0149939060211182
sp|O95905|ECD_HUMAN,42,I,0.0
sp|O95905|ECD_HUMAN,42,K,-0.8196611404418945
sp|O95905|ECD_HUMAN,42,L,0.1366415023803711
sp|O95905|ECD_HUMAN,42,M,-0.8142940998077393
sp|O95905|ECD_HUMAN,42,N,-0.21781134605407715
sp|O95905|ECD_HUMAN,42,P,-1.87618088722229
sp|O95905|ECD_HUMAN,42,Q,-0.7702713012695312
sp|O95905|ECD_HUMAN,42,R,-1.0909194946289062
sp|O95905|ECD_HUMAN,42,S,-0.4544854164123535
sp|O95905|ECD_HUMAN,42,T,-0.19218659400939941
sp|O95905|ECD_HUMAN,42,V,-0.08131742477416992
sp|O95905|ECD_HUMAN,42,W,-1.674882173538208
sp|O95905|ECD_HUMAN,42,Y,-0.39107561111450195
sp|O95905|ECD_HUMAN,43,A,0.214447021484375
sp|O95905|ECD_HUMAN,43,C,-1.2698607444763184
sp|O95905|ECD_HUMAN,43,D,-0.03951263427734375
sp|O95905|ECD_HUMAN,43,E,1.0191614627838135
sp|O95905|ECD_HUMAN,43,F,-0.5106360912322998
sp|O95905|ECD_HUMAN,43,G,0.33338427543640137
sp|O95905|ECD_HUMAN,43,H,-0.6626937389373779
sp|O95905|ECD_HUMAN,43,I,0.0
sp|O95905|ECD_HUMAN,43,K,1.3857016563415527
sp|O95905|ECD_HUMAN,43,L,0.017888545989990234
sp|O95905|ECD_HUMAN,43,M,-0.9223246574401855
sp|O95905|ECD_HUMAN,43,N,0.6665518283843994
sp|O95905|ECD_HUMAN,43,P,-0.29154539108276367
sp|O95905|ECD_HUMAN,43,Q,0.2704036235809326
sp|O95905|ECD_HUMAN,43,R,0.5869312286376953
sp|O95905|ECD_HUMAN,43,S,0.2797689437866211
sp|O95905|ECD_HUMAN,43,T,0.06860828399658203
sp|O95905|ECD_HUMAN,43,V,-0.08952856063842773
sp|O95905|ECD_HUMAN,43,W,-1.817983627319336
sp|O95905|ECD_HUMAN,43,Y,-0.4490499496459961
sp|O95905|ECD_HUMAN,44,A,-0.11839795112609863
sp|O95905|ECD_HUMAN,44,C,-2.290651321411133
sp|O95905|ECD_HUMAN,44,D,0.852083683013916
sp|O95905|ECD_HUMAN,44,E,1.1711795330047607
sp|O95905|ECD_HUMAN,44,F,-1.4240036010742188
sp|O95905|ECD_HUMAN,44,G,0.08599710464477539
sp|O95905|ECD_HUMAN,44,H,-0.9815387725830078
sp|O95905|ECD_HUMAN,44,I,-0.8525216579437256
sp|O95905|ECD_HUMAN,44,K,0.9586279392242432
sp|O95905|ECD_HUMAN,44,L,-0.5966246128082275
sp|O95905|ECD_HUMAN,44,M,-1.62575101852417
sp|O95905|ECD_HUMAN,44,N,0.5596203804016113
sp|O95905|ECD_HUMAN,44,P,0.25975680351257324
sp|O95905|ECD_HUMAN,44,Q,0.00974583625793457
sp|O95905|ECD_HUMAN,44,R,-0.13692212104797363
sp|O95905|ECD_HUMAN,44,S,0.48938512802124023
sp|O95905|ECD_HUMAN,44,T,0.0
sp|O95905|ECD_HUMAN,44,V,-0.8263430595397949
sp|O95905|ECD_HUMAN,44,W,-2.55094575881958
sp|O95905|ECD_HUMAN,44,Y,-1.0408987998962402
sp|O95905|ECD_HUMAN,45,A,0.03292059898376465
sp|O95905|ECD_HUMAN,45,C,-1.7340247631072998
sp|O95905|ECD_HUMAN,45,D,0.7857699394226074
sp|O95905|ECD_HUMAN,45,E,1.0781996250152588
sp|O95905|ECD_HUMAN,45,F,-0.5910129547119141
sp|O95905|ECD_HUMAN,45,G,0.0518496036529541
sp|O95905|ECD_HUMAN,45,H,-0.3488342761993408
sp|O95905|ECD_HUMAN,45,I,0.06726789474487305
sp|O95905|ECD_HUMAN,45,K,0.7265005111694336
sp|O95905|ECD_HUMAN,45,L,0.04500913619995117
sp|O95905|ECD_HUMAN,45,M,-1.1873118877410889
sp|O95905|ECD_HUMAN,45,N,0.21634602546691895
sp|O95905|ECD_HUMAN,45,P,0.09115123748779297
sp|O95905|ECD_HUMAN,45,Q,0.05253195762634277
sp|O95905|ECD_HUMAN,45,R,0.0
sp|O95905|ECD_HUMAN,45,S,0.28221917152404785
sp|O95905|ECD_HUMAN,45,T,0.20879125595092773
sp|O95905|ECD_HUMAN,45,V,-0.025084257125854492
sp|O95905|ECD_HUMAN,45,W,-2.0816686153411865
sp|O95905|ECD_HUMAN,45,Y,-0.24725842475891113
sp|O95905|ECD_HUMAN,46,A,-0.4439413547515869
sp|O95905|ECD_HUMAN,46,C,-1.5407063961029053
sp|O95905|ECD_HUMAN,46,D,-0.2838873863220215
sp|O95905|ECD_HUMAN,46,E,-0.1088418960571289
sp|O95905|ECD_HUMAN,46,F,0.0
sp|O95905|ECD_HUMAN,46,G,-0.6056628227233887
sp|O95905|ECD_HUMAN,46,H,-0.5401120185852051
sp|O95905|ECD_HUMAN,46,I,0.22810673713684082
sp|O95905|ECD_HUMAN,46,K,-0.15606188774108887
sp|O95905|ECD_HUMAN,46,L,0.36928343772888184
sp|O95905|ECD_HUMAN,46,M,-0.8741028308868408
sp|O95905|ECD_HUMAN,46,N,-0.12842488288879395
sp|O95905|ECD_HUMAN,46,P,-0.9219160079956055
sp|O95905|ECD_HUMAN,46,Q,-0.8637228012084961
sp|O95905|ECD_HUMAN,46,R,-0.8686199188232422
sp|O95905|ECD_HUMAN,46,S,-0.5140774250030518
sp|O95905|ECD_HUMAN,46,T,-0.418534517288208
sp|O95905|ECD_HUMAN,46,V,-0.10327816009521484
sp|O95905|ECD_HUMAN,46,W,-1.7322657108306885
sp|O95905|ECD_HUMAN,46,Y,0.3758060932159424
sp|O95905|ECD_HUMAN,47,A,0.0
sp|O95905|ECD_HUMAN,47,C,-1.5259804725646973
sp|O95905|ECD_HUMAN,47,D,0.27795958518981934
sp|O95905|ECD_HUMAN,47,E,0.6095471382141113
sp|O95905|ECD_HUMAN,47,F,-0.29826784133911133
sp|O95905|ECD_HUMAN,47,G,0.3185422420501709
sp|O95905|ECD_HUMAN,47,H,-0.6269125938415527
sp|O95905|ECD_HUMAN,47,I,-0.09022259712219238
sp|O95905|ECD_HUMAN,47,K,1.0270304679870605
sp|O95905|ECD_HUMAN,47,L,0.09867095947265625
sp|O95905|ECD_HUMAN,47,M,-0.8318445682525635
sp|O95905|ECD_HUMAN,47,N,0.29512977600097656
sp|O95905|ECD_HUMAN,47,P,0.09629368782043457
sp|O95905|ECD_HUMAN,47,Q,-0.06845808029174805
sp|O95905|ECD_HUMAN,47,R,0.05394458770751953
sp|O95905|ECD_HUMAN,47,S,0.313967227935791
sp|O95905|ECD_HUMAN,47,T,-0.09366297721862793
sp|O95905|ECD_HUMAN,47,V,-0.28030991554260254
sp|O95905|ECD_HUMAN,47,W,-1.9101028442382812
sp|O95905|ECD_HUMAN,47,Y,-0.1922769546508789
sp|O95905|ECD_HUMAN,48,A,-1.2628872394561768
sp|O95905|ECD_HUMAN,48,C,-2.984086036682129
sp|O95905|ECD_HUMAN,48,D,0.14083385467529297
sp|O95905|ECD_HUMAN,48,E,0.06520700454711914
sp|O95905|ECD_HUMAN,48,F,-1.9914593696594238
sp|O95905|ECD_HUMAN,48,G,-0.4886460304260254
sp|O95905|ECD_HUMAN,48,H,-1.8898353576660156
sp|O95905|ECD_HUMAN,48,I,-1.61466646194458
sp|O95905|ECD_HUMAN,48,K,-0.21601605415344238
sp|O95905|ECD_HUMAN,48,L,-1.4598214626312256
sp|O95905|ECD_HUMAN,48,M,-2.375352382659912
sp|O95905|ECD_HUMAN,48,N,-0.46190738677978516
sp|O95905|ECD_HUMAN,48,P,0.0
sp|O95905|ECD_HUMAN,48,Q,-1.0493075847625732
sp|O95905|ECD_HUMAN,48,R,-1.302116870880127
sp|O95905|ECD_HUMAN,48,S,-0.6027987003326416
sp|O95905|ECD_HUMAN,48,T,-0.9864277839660645
sp|O95905|ECD_HUMAN,48,V,-1.5166397094726562
sp|O95905|ECD_HUMAN,48,W,-3.1892848014831543
sp|O95905|ECD_HUMAN,48,Y,-1.8091585636138916
sp|O95905|ECD_HUMAN,49,A,0.8661673069000244
sp|O95905|ECD_HUMAN,49,C,-0.7778410911560059
sp|O95905|ECD_HUMAN,49,D,2.014662504196167
sp|O95905|ECD_HUMAN,49,E,2.359591841697693
sp|O95905|ECD_HUMAN,49,F,0.7065384387969971
sp|O95905|ECD_HUMAN,49,G,1.3234601020812988
sp|O95905|ECD_HUMAN,49,H,0.7235841751098633
sp|O95905|ECD_HUMAN,49,I,1.069507360458374
sp|O95905|ECD_HUMAN,49,K,1.9946250915527344
sp|O95905|ECD_HUMAN,49,L,1.125753402709961
sp|O95905|ECD_HUMAN,49,M,0.0
sp|O95905|ECD_HUMAN,49,N,1.6183154582977295
sp|O95905|ECD_HUMAN,49,P,0.4843151569366455
sp|O95905|ECD_HUMAN,49,Q,1.1173832416534424
sp|O95905|ECD_HUMAN,49,R,0.9245254993438721
sp|O95905|ECD_HUMAN,49,S,1.3746953010559082
sp|O95905|ECD_HUMAN,49,T,1.1372509002685547
sp|O95905|ECD_HUMAN,49,V,0.9761068820953369
sp|O95905|ECD_HUMAN,49,W,-0.5618381500244141
sp|O95905|ECD_HUMAN,49,Y,1.1123814582824707
sp|O95905|ECD_HUMAN,50,A,-0.41845273971557617
sp|O95905|ECD_HUMAN,50,C,-2.1106560230255127
sp|O95905|ECD_HUMAN,50,D,0.21279454231262207
sp|O95905|ECD_HUMAN,50,E,0.16654396057128906
sp|O95905|ECD_HUMAN,50,F,-0.590240478515625
sp|O95905|ECD_HUMAN,50,G,0.24895858764648438
sp|O95905|ECD_HUMAN,50,H,-1.0930497646331787
sp|O95905|ECD_HUMAN,50,I,-0.11196470260620117
sp|O95905|ECD_HUMAN,50,K,0.2927510738372803
sp|O95905|ECD_HUMAN,50,L,0.0
sp|O95905|ECD_HUMAN,50,M,-1.1607000827789307
sp|O95905|ECD_HUMAN,50,N,0.04894876480102539
sp|O95905|ECD_HUMAN,50,P,-0.1399097442626953
sp|O95905|ECD_HUMAN,50,Q,-0.7331907749176025
sp|O95905|ECD_HUMAN,50,R,-0.6803703308105469
sp|O95905|ECD_HUMAN,50,S,-0.273118257522583
sp|O95905|ECD_HUMAN,50,T,-0.38972973823547363
sp|O95905|ECD_HUMAN,50,V,-0.2533607482910156
sp|O95905|ECD_HUMAN,50,W,-2.1917145252227783
sp|O95905|ECD_HUMAN,50,Y,-0.6632862091064453
sp|O95905|ECD_HUMAN,51,A,0.32070493698120117
sp|O95905|ECD_HUMAN,51,C,-1.5914921760559082
sp|O95905|ECD_HUMAN,51,D,0.3212399482727051
sp|O95905|ECD_HUMAN,51,E,0.9336812496185303
sp|O95905|ECD_HUMAN,51,F,-0.3935511112213135
sp|O95905|ECD_HUMAN,51,G,0.11921143531799316
sp|O95905|ECD_HUMAN,51,H,-0.5220227241516113
sp|O95905|ECD_HUMAN,51,I,0.17076969146728516
sp|O95905|ECD_HUMAN,51,K,1.3571033477783203
sp|O95905|ECD_HUMAN,51,L,0.3157837390899658
sp|O95905|ECD_HUMAN,51,M,-0.6208410263061523
sp|O95905|ECD_HUMAN,51,N,0.40401124954223633
sp|O95905|ECD_HUMAN,51,P,0.22608661651611328
sp|O95905|ECD_HUMAN,51,Q,0.275881290435791
sp|O95905|ECD_HUMAN,51,R,0.3638031482696533
sp|O95905|ECD_HUMAN,51,S,0.5032529830932617
sp|O95905|ECD_HUMAN,51,T,0.26433897018432617
sp|O95905|ECD_HUMAN,51,V,0.0
sp|O95905|ECD_HUMAN,51,W,-1.699254035949707
sp|O95905|ECD_HUMAN,51,Y,-0.22671198844909668
sp|O95905|ECD_HUMAN,52,A,-0.5945756435394287
sp|O95905|ECD_HUMAN,52,C,-1.9832916259765625
sp|O95905|ECD_HUMAN,52,D,0.788902997970581
sp|O95905|ECD_HUMAN,52,E,0.8422666788101196
sp|O95905|ECD_HUMAN,52,F,-1.0737080574035645
sp|O95905|ECD_HUMAN,52,G,0.149932861328125
sp|O95905|ECD_HUMAN,52,H,-0.8040640354156494
sp|O95905|ECD_HUMAN,52,I,-0.9793272018432617
sp|O95905|ECD_HUMAN,52,K,0.6961383819580078
sp|O95905|ECD_HUMAN,52,L,-0.9005591869354248
sp|O95905|ECD_HUMAN,52,M,-1.8977255821228027
sp|O95905|ECD_HUMAN,52,N,0.3094520568847656
sp|O95905|ECD_HUMAN,52,P,0.0
sp|O95905|ECD_HUMAN,52,Q,-0.28428196907043457
sp|O95905|ECD_HUMAN,52,R,-0.14518380165100098
sp|O95905|ECD_HUMAN,52,S,0.1327831745147705
sp|O95905|ECD_HUMAN,52,T,-0.3294534683227539
sp|O95905|ECD_HUMAN,52,V,-0.7898333072662354
sp|O95905|ECD_HUMAN,52,W,-2.2985610961914062
sp|O95905|ECD_HUMAN,52,Y,-0.9099235534667969
sp|O95905|ECD_HUMAN,53,A,0.1511850357055664
sp|O95905|ECD_HUMAN,53,C,-1.3324165344238281
sp|O95905|ECD_HUMAN,53,D,0.6839442253112793
sp|O95905|ECD_HUMAN,53,E,1.070631742477417
sp|O95905|ECD_HUMAN,53,F,-0.053128957748413086
sp|O95905|ECD_HUMAN,53,G,0.7326183319091797
sp|O95905|ECD_HUMAN,53,H,-0.40486764907836914
sp|O95905|ECD_HUMAN,53,I,0.2860560417175293
sp|O95905|ECD_HUMAN,53,K,0.8044664859771729
sp|O95905|ECD_HUMAN,53,L,0.2613677978515625
sp|O95905|ECD_HUMAN,53,M,-0.6790757179260254
sp|O95905|ECD_HUMAN,53,N,0.367154598236084
sp|O95905|ECD_HUMAN,53,P,-0.09447669982910156
sp|O95905|ECD_HUMAN,53,Q,-0.011424064636230469
sp|O95905|ECD_HUMAN,53,R,0.012919902801513672
sp|O95905|ECD_HUMAN,53,S,0.37960219383239746
sp|O95905|ECD_HUMAN,53,T,0.17730283737182617
sp|O95905|ECD_HUMAN,53,V,0.3663759231567383
sp|O95905|ECD_HUMAN,53,W,-1.4353933334350586
sp|O95905|ECD_HUMAN,53,Y,0.0
sp|O95905|ECD_HUMAN,54,A,-0.3744957447052002
sp|O95905|ECD_HUMAN,54,C,-1.7878031730651855
sp|O95905|ECD_HUMAN,54,D,0.21673059463500977
sp|O95905|ECD_HUMAN,54,E,0.4734511375427246
sp|O95905|ECD_HUMAN,54,F,-0.34946227073669434
sp|O95905|ECD_HUMAN,54,G,0.12383437156677246
sp|O95905|ECD_HUMAN,54,H,-0.824256420135498
sp|O95905|ECD_HUMAN,54,I,0.0
sp|O95905|ECD_HUMAN,54,K,0.41256165504455566
sp|O95905|ECD_HUMAN,54,L,0.0968637466430664
sp|O95905|ECD_HUMAN,54,M,-1.1784932613372803
sp|O95905|ECD_HUMAN,54,N,-0.05747389793395996
sp|O95905|ECD_HUMAN,54,P,-0.47500085830688477
sp|O95905|ECD_HUMAN,54,Q,-0.256397008895874
sp|O95905|ECD_HUMAN,54,R,-0.2640535831451416
sp|O95905|ECD_HUMAN,54,S,0.04381966590881348
sp|O95905|ECD_HUMAN,54,T,-0.1205587387084961
sp|O95905|ECD_HUMAN,54,V,-0.12238311767578125
sp|O95905|ECD_HUMAN,54,W,-1.6814022064208984
sp|O95905|ECD_HUMAN,54,Y,-0.3142971992492676
sp|O95905|ECD_HUMAN,55,A,1.7371864318847656
sp|O95905|ECD_HUMAN,55,C,-0.14517641067504883
sp|O95905|ECD_HUMAN,55,D,2.1448171138763428
sp|O95905|ECD_HUMAN,55,E,2.8678340911865234
sp|O95905|ECD_HUMAN,55,F,1.1422138214111328
sp|O95905|ECD_HUMAN,55,G,1.795295238494873
sp|O95905|ECD_HUMAN,55,H,1.059286117553711
sp|O95905|ECD_HUMAN,55,I,1.807610034942627
sp|O95905|ECD_HUMAN,55,K,3.138714909553528
sp|O95905|ECD_HUMAN,55,L,1.9057118892669678
sp|O95905|ECD_HUMAN,55,M,0.938962459564209
sp|O95905|ECD_HUMAN,55,N,2.2560412883758545
sp|O95905|ECD_HUMAN,55,P,1.776298999786377
sp|O95905|ECD_HUMAN,55,Q,2.0625293254852295
sp|O95905|ECD_HUMAN,55,R,2.090766191482544
sp|O95905|ECD_HUMAN,55,S,2.167733669281006
sp|O95905|ECD_HUMAN,55,T,1.8872990608215332
sp|O95905|ECD_HUMAN,55,V,1.596165418624878
sp|O95905|ECD_HUMAN,55,W,0.0
sp|O95905|ECD_HUMAN,55,Y,1.43593430519104
sp|O95905|ECD_HUMAN,56,A,-0.03055739402770996
sp|O95905|ECD_HUMAN,56,C,-1.4874026775360107
sp|O95905|ECD_HUMAN,56,D,0.6026787757873535
sp|O95905|ECD_HUMAN,56,E,1.1196668148040771
sp|O95905|ECD_HUMAN,56,F,-0.3336002826690674
sp|O95905|ECD_HUMAN,56,G,0.44276952743530273
sp|O95905|ECD_HUMAN,56,H,-0.5953531265258789
sp|O95905|ECD_HUMAN,56,I,0.3310708999633789
sp|O95905|ECD_HUMAN,56,K,0.8934569358825684
sp|O95905|ECD_HUMAN,56,L,0.24703454971313477
sp|O95905|ECD_HUMAN,56,M,-0.858872652053833
sp|O95905|ECD_HUMAN,56,N,0.4651315212249756
sp|O95905|ECD_HUMAN,56,P,0.09981918334960938
sp|O95905|ECD_HUMAN,56,Q,0.0
sp|O95905|ECD_HUMAN,56,R,0.024273157119750977
sp|O95905|ECD_HUMAN,56,S,0.3067340850830078
sp|O95905|ECD_HUMAN,56,T,0.1730804443359375
sp|O95905|ECD_HUMAN,56,V,0.2565147876739502
sp|O95905|ECD_HUMAN,56,W,-1.5429556369781494
sp|O95905|ECD_HUMAN,56,Y,-0.3589613437652588
sp|O95905|ECD_HUMAN,57,A,-0.6913797855377197
sp|O95905|ECD_HUMAN,57,C,-1.8519642353057861
sp|O95905|ECD_HUMAN,57,D,-0.031175851821899414
sp|O95905|ECD_HUMAN,57,E,0.10482954978942871
sp|O95905|ECD_HUMAN,57,F,-0.7565677165985107
sp|O95905|ECD_HUMAN,57,G,0.22730374336242676
sp|O95905|ECD_HUMAN,57,H,-1.0896375179290771
sp|O95905|ECD_HUMAN,57,I,-0.13221955299377441
sp|O95905|ECD_HUMAN,57,K,0.005343437194824219
sp|O95905|ECD_HUMAN,57,L,-0.3716716766357422
sp|O95905|ECD_HUMAN,57,M,-1.2411231994628906
sp|O95905|ECD_HUMAN,57,N,0.0
sp|O95905|ECD_HUMAN,57,P,-0.6539742946624756
sp|O95905|ECD_HUMAN,57,Q,-0.8255884647369385
sp|O95905|ECD_HUMAN,57,R,-0.6528608798980713
sp|O95905|ECD_HUMAN,57,S,-0.30068278312683105
sp|O95905|ECD_HUMAN,57,T,-0.3968074321746826
sp|O95905|ECD_HUMAN,57,V,-0.27089405059814453
sp|O95905|ECD_HUMAN,57,W,-1.7002942562103271
sp|O95905|ECD_HUMAN,57,Y,-0.5269224643707275
sp|O95905|ECD_HUMAN,58,A,0.16119766235351562
sp|O95905|ECD_HUMAN,58,C,-1.3121614456176758
sp|O95905|ECD_HUMAN,58,D,0.23938822746276855
sp|O95905|ECD_HUMAN,58,E,0.6642780303955078
sp|O95905|ECD_HUMAN,58,F,-0.2523806095123291
sp|O95905|ECD_HUMAN,58,G,0.21291089057922363
sp|O95905|ECD_HUMAN,58,H,-0.41536593437194824
sp|O95905|ECD_HUMAN,58,I,0.659604549407959
sp|O95905|ECD_HUMAN,58,K,0.8750250339508057
sp|O95905|ECD_HUMAN,58,L,0.4619789123535156
sp|O95905|ECD_HUMAN,58,M,-0.4739539623260498
sp|O95905|ECD_HUMAN,58,N,0.2769942283630371
sp|O95905|ECD_HUMAN,58,P,-0.2669708728790283
sp|O95905|ECD_HUMAN,58,Q,0.0
sp|O95905|ECD_HUMAN,58,R,0.08004045486450195
sp|O95905|ECD_HUMAN,58,S,0.3643491268157959
sp|O95905|ECD_HUMAN,58,T,0.3860480785369873
sp|O95905|ECD_HUMAN,58,V,0.4252028465270996
sp|O95905|ECD_HUMAN,58,W,-1.7846198081970215
sp|O95905|ECD_HUMAN,58,Y,-0.056400299072265625
sp|O95905|ECD_HUMAN,59,A,-0.3517141342163086
sp|O95905|ECD_HUMAN,59,C,-1.5951509475708008
sp|O95905|ECD_HUMAN,59,D,0.3050065040588379
sp|O95905|ECD_HUMAN,59,E,0.6356956958770752
sp|O95905|ECD_HUMAN,59,F,-0.24454665184020996
sp|O95905|ECD_HUMAN,59,G,0.3319559097290039
sp|O95905|ECD_HUMAN,59,H,-0.6270895004272461
sp|O95905|ECD_HUMAN,59,I,0.24883198738098145
sp|O95905|ECD_HUMAN,59,K,0.6731116771697998
sp|O95905|ECD_HUMAN,59,L,0.03329300880432129
sp|O95905|ECD_HUMAN,59,M,-1.078740119934082
sp|O95905|ECD_HUMAN,59,N,0.21102285385131836
sp|O95905|ECD_HUMAN,59,P,0.0
sp|O95905|ECD_HUMAN,59,Q,-0.30901479721069336
sp|O95905|ECD_HUMAN,59,R,-0.07548642158508301
sp|O95905|ECD_HUMAN,59,S,0.33885908126831055
sp|O95905|ECD_HUMAN,59,T,0.3159661293029785
sp|O95905|ECD_HUMAN,59,V,0.235518217086792
sp|O95905|ECD_HUMAN,59,W,-1.4070281982421875
sp|O95905|ECD_HUMAN,59,Y,-0.07137298583984375
sp|O95905|ECD_HUMAN,60,A,-0.19435739517211914
sp|O95905|ECD_HUMAN,60,C,-1.849677324295044
sp|O95905|ECD_HUMAN,60,D,0.2172377109527588
sp|O95905|ECD_HUMAN,60,E,0.7419455051422119
sp|O95905|ECD_HUMAN,60,F,0.0
sp|O95905|ECD_HUMAN,60,G,-0.030732393264770508
sp|O95905|ECD_HUMAN,60,H,-1.0959885120391846
sp|O95905|ECD_HUMAN,60,I,0.6390807628631592
sp|O95905|ECD_HUMAN,60,K,0.3347597122192383
sp|O95905|ECD_HUMAN,60,L,0.38161540031433105
sp|O95905|ECD_HUMAN,60,M,-0.8588910102844238
sp|O95905|ECD_HUMAN,60,N,-0.2473287582397461
sp|O95905|ECD_HUMAN,60,P,-0.3790881633758545
sp|O95905|ECD_HUMAN,60,Q,-0.5458354949951172
sp|O95905|ECD_HUMAN,60,R,-0.5300459861755371
sp|O95905|ECD_HUMAN,60,S,-0.10935163497924805
sp|O95905|ECD_HUMAN,60,T,-0.2754044532775879
sp|O95905|ECD_HUMAN,60,V,0.5104100704193115
sp|O95905|ECD_HUMAN,60,W,-1.4455440044403076
sp|O95905|ECD_HUMAN,60,Y,-0.19404816627502441
sp|O95905|ECD_HUMAN,61,A,-0.14931344985961914
sp|O95905|ECD_HUMAN,61,C,-1.3974039554595947
sp|O95905|ECD_HUMAN,61,D,0.12165713310241699
sp|O95905|ECD_HUMAN,61,E,0.7223749160766602
sp|O95905|ECD_HUMAN,61,F,0.01161956787109375
sp|O95905|ECD_HUMAN,61,G,0.02947258949279785
sp|O95905|ECD_HUMAN,61,H,-0.4559824466705322
sp|O95905|ECD_HUMAN,61,I,0.6810877323150635
sp|O95905|ECD_HUMAN,61,K,0.6155338287353516
sp|O95905|ECD_HUMAN,61,L,0.49388575553894043
sp|O95905|ECD_HUMAN,61,M,-0.627922773361206
sp|O95905|ECD_HUMAN,61,N,0.0
sp|O95905|ECD_HUMAN,61,P,-0.3797473907470703
sp|O95905|ECD_HUMAN,61,Q,-0.21446776390075684
sp|O95905|ECD_HUMAN,61,R,0.09497284889221191
sp|O95905|ECD_HUMAN,61,S,0.4953765869140625
sp|O95905|ECD_HUMAN,61,T,0.5784742832183838
sp|O95905|ECD_HUMAN,61,V,0.5406265258789062
sp|O95905|ECD_HUMAN,61,W,-0.9690015316009521
sp|O95905|ECD_HUMAN,61,Y,0.28307437896728516
sp|O95905|ECD_HUMAN,62,A,-0.6252732276916504
sp|O95905|ECD_HUMAN,62,C,-2.2325332164764404
sp|O95905|ECD_HUMAN,62,D,-0.5439286231994629
sp|O95905|ECD_HUMAN,62,E,-0.14217305183410645
sp|O95905|ECD_HUMAN,62,F,-0.33356761932373047
sp|O95905|ECD_HUMAN,62,G,-0.2546257972717285
sp|O95905|ECD_HUMAN,62,H,-1.5108306407928467
sp|O95905|ECD_HUMAN,62,I,0.13261198997497559
sp|O95905|ECD_HUMAN,62,K,-0.2480335235595703
sp|O95905|ECD_HUMAN,62,L,0.0
sp|O95905|ECD_HUMAN,62,M,-1.155191421508789
sp|O95905|ECD_HUMAN,62,N,-0.8516666889190674
sp|O95905|ECD_HUMAN,62,P,-0.12695050239562988
sp|O95905|ECD_HUMAN,62,Q,-1.0884006023406982
sp|O95905|ECD_HUMAN,62,R,-0.7801282405853271
sp|O95905|ECD_HUMAN,62,S,-0.5028932094573975
sp|O95905|ECD_HUMAN,62,T,-0.63411545753479
sp|O95905|ECD_HUMAN,62,V,-0.09269189834594727
sp|O95905|ECD_HUMAN,62,W,-1.3359310626983643
sp|O95905|ECD_HUMAN,62,Y,-0.48398613929748535
sp|O95905|ECD_HUMAN,63,A,-0.5986175537109375
sp|O95905|ECD_HUMAN,63,C,-1.9583520889282227
sp|O95905|ECD_HUMAN,63,D,-0.43747949600219727
sp|O95905|ECD_HUMAN,63,E,0.03158378601074219
sp|O95905|ECD_HUMAN,63,F,-0.5316176414489746
sp|O95905|ECD_HUMAN,63,G,-0.23322844505310059
sp|O95905|ECD_HUMAN,63,H,-1.0322515964508057
sp|O95905|ECD_HUMAN,63,I,-0.02363109588623047
sp|O95905|ECD_HUMAN,63,K,0.0
sp|O95905|ECD_HUMAN,63,L,-0.2519559860229492
sp|O95905|ECD_HUMAN,63,M,-1.3055500984191895
sp|O95905|ECD_HUMAN,63,N,-0.5459918975830078
sp|O95905|ECD_HUMAN,63,P,-0.7187623977661133
sp|O95905|ECD_HUMAN,63,Q,-0.8415939807891846
sp|O95905|ECD_HUMAN,63,R,-0.45810580253601074
sp|O95905|ECD_HUMAN,63,S,-0.13190054893493652
sp|O95905|ECD_HUMAN,63,T,-0.11446738243103027
sp|O95905|ECD_HUMAN,63,V,-0.06026268005371094
sp|O95905|ECD_HUMAN,63,W,-1.6169695854187012
sp|O95905|ECD_HUMAN,63,Y,-0.413632869720459
sp|O95905|ECD_HUMAN,64,A,-0.1494138240814209
sp|O95905|ECD_HUMAN,64,C,-1.657177448272705
sp|O95905|ECD_HUMAN,64,D,-0.0296475887298584
sp|O95905|ECD_HUMAN,64,E,0.17046284675598145
sp|O95905|ECD_HUMAN,64,F,0.1849055290222168
sp|O95905|ECD_HUMAN,64,G,0.3823866844177246
sp|O95905|ECD_HUMAN,64,H,-1.0699944496154785
sp|O95905|ECD_HUMAN,64,I,0.784998893737793
sp|O95905|ECD_HUMAN,64,K,0.10135006904602051
sp|O95905|ECD_HUMAN,64,L,0.6486742496490479
sp|O95905|ECD_HUMAN,64,M,-0.6323151588439941
sp|O95905|ECD_HUMAN,64,N,-0.16128277778625488
sp|O95905|ECD_HUMAN,64,P,-0.12367057800292969
sp|O95905|ECD_HUMAN,64,Q,-0.728795051574707
sp|O95905|ECD_HUMAN,64,R,-0.3675713539123535
sp|O95905|ECD_HUMAN,64,S,-0.10960078239440918
sp|O95905|ECD_HUMAN,64,T,-0.09369349479675293
sp|O95905|ECD_HUMAN,64,V,0.548701286315918
sp|O95905|ECD_HUMAN,64,W,-1.1023197174072266
sp|O95905|ECD_HUMAN,64,Y,0.0
sp|O95905|ECD_HUMAN,65,A,-0.48839831352233887
sp|O95905|ECD_HUMAN,65,C,-1.925482988357544
sp|O95905|ECD_HUMAN,65,D,-0.7798361778259277
sp|O95905|ECD_HUMAN,65,E,-0.377150297164917
sp|O95905|ECD_HUMAN,65,F,-0.37395477294921875
sp|O95905|ECD_HUMAN,65,G,-0.4947340488433838
sp|O95905|ECD_HUMAN,65,H,-1.0313856601715088
sp|O95905|ECD_HUMAN,65,I,0.3242030143737793
sp|O95905|ECD_HUMAN,65,K,0.0
sp|O95905|ECD_HUMAN,65,L,0.17496132850646973
sp|O95905|ECD_HUMAN,65,M,-0.8473453521728516
sp|O95905|ECD_HUMAN,65,N,-0.5620467662811279
sp|O95905|ECD_HUMAN,65,P,-0.9243247509002686
sp|O95905|ECD_HUMAN,65,Q,-0.824411153793335
sp|O95905|ECD_HUMAN,65,R,-0.4576103687286377
sp|O95905|ECD_HUMAN,65,S,-0.34940338134765625
sp|O95905|ECD_HUMAN,65,T,-0.2063121795654297
sp|O95905|ECD_HUMAN,65,V,0.05041790008544922
sp|O95905|ECD_HUMAN,65,W,-1.766078233718872
sp|O95905|ECD_HUMAN,65,Y,-0.39530253410339355
sp|O95905|ECD_HUMAN,66,A,-0.10050725936889648
sp|O95905|ECD_HUMAN,66,C,-1.7287189960479736
sp|O95905|ECD_HUMAN,66,D,0.4285140037536621
sp|O95905|ECD_HUMAN,66,E,0.38199591636657715
sp|O95905|ECD_HUMAN,66,F,0.03942155838012695
sp|O95905|ECD_HUMAN,66,G,0.48148560523986816
sp|O95905|ECD_HUMAN,66,H,-0.7849323749542236
sp|O95905|ECD_HUMAN,66,I,0.4666008949279785
sp|O95905|ECD_HUMAN,66,K,0.7022197246551514
sp|O95905|ECD_HUMAN,66,L,0.3982245922088623
sp|O95905|ECD_HUMAN,66,M,-0.7043406963348389
sp|O95905|ECD_HUMAN,66,N,0.16471505165100098
sp|O95905|ECD_HUMAN,66,P,0.0
sp|O95905|ECD_HUMAN,66,Q,-0.4413721561431885
sp|O95905|ECD_HUMAN,66,R,0.04299807548522949
sp|O95905|ECD_HUMAN,66,S,0.30095624923706055
sp|O95905|ECD_HUMAN,66,T,0.2510204315185547
sp|O95905|ECD_HUMAN,66,V,0.20289921760559082
sp|O95905|ECD_HUMAN,66,W,-1.2373974323272705
sp|O95905|ECD_HUMAN,66,Y,-0.00041937828063964844
sp|O95905|ECD_HUMAN,67,A,-0.6290841102600098
sp|O95905|ECD_HUMAN,67,C,-2.572458267211914
sp|O95905|ECD_HUMAN,67,D,-0.5107276439666748
sp|O95905|ECD_HUMAN,67,E,-0.09450459480285645
sp|O95905|ECD_HUMAN,67,F,-0.6227259635925293
sp|O95905|ECD_HUMAN,67,G,0.0
sp|O95905|ECD_HUMAN,67,H,-1.268340826034546
sp|O95905|ECD_HUMAN,67,I,-0.06975317001342773
sp|O95905|ECD_HUMAN,67,K,0.06274819374084473
sp|O95905|ECD_HUMAN,67,L,-0.0627892017364502
sp|O95905|ECD_HUMAN,67,M,-1.1557817459106445
sp|O95905|ECD_HUMAN,67,N,-0.6523802280426025
sp|O95905|ECD_HUMAN,67,P,-0.36830997467041016
sp|O95905|ECD_HUMAN,67,Q,-0.9535009860992432
sp|O95905|ECD_HUMAN,67,R,-0.588726282119751
sp|O95905|ECD_HUMAN,67,S,-0.28908205032348633
sp|O95905|ECD_HUMAN,67,T,-0.4303114414215088
sp|O95905|ECD_HUMAN,67,V,-0.22050833702087402
sp|O95905|ECD_HUMAN,67,W,-1.8663854598999023
sp|O95905|ECD_HUMAN,67,Y,-0.7218670845031738
sp|O95905|ECD_HUMAN,68,A,-0.6768231391906738
sp|O95905|ECD_HUMAN,68,C,-2.315166473388672
sp|O95905|ECD_HUMAN,68,D,-0.7260289192199707
sp|O95905|ECD_HUMAN,68,E,-0.29080629348754883
sp|O95905|ECD_HUMAN,68,F,-0.6044101715087891
sp|O95905|ECD_HUMAN,68,G,-0.25721049308776855
sp|O95905|ECD_HUMAN,68,H,-1.502321720123291
sp|O95905|ECD_HUMAN,68,I,-0.4461629390716553
sp|O95905|ECD_HUMAN,68,K,0.0
sp|O95905|ECD_HUMAN,68,L,-0.5012633800506592
sp|O95905|ECD_HUMAN,68,M,-1.317950963973999
sp|O95905|ECD_HUMAN,68,N,-0.736764669418335
sp|O95905|ECD_HUMAN,68,P,-0.965273380279541
sp|O95905|ECD_HUMAN,68,Q,-1.1257450580596924
sp|O95905|ECD_HUMAN,68,R,-0.7282605171203613
sp|O95905|ECD_HUMAN,68,S,-0.363126277923584
sp|O95905|ECD_HUMAN,68,T,-0.6071646213531494
sp|O95905|ECD_HUMAN,68,V,-0.6211464405059814
sp|O95905|ECD_HUMAN,68,W,-1.7264771461486816
sp|O95905|ECD_HUMAN,68,Y,-0.7410807609558105
sp|O95905|ECD_HUMAN,69,A,-0.48351407051086426
sp|O95905|ECD_HUMAN,69,C,-2.03719162940979
sp|O95905|ECD_HUMAN,69,D,0.6443369388580322
sp|O95905|ECD_HUMAN,69,E,0.3852732181549072
sp|O95905|ECD_HUMAN,69,F,-0.36719465255737305
sp|O95905|ECD_HUMAN,69,G,0.0
sp|O95905|ECD_HUMAN,69,H,-0.9375269412994385
sp|O95905|ECD_HUMAN,69,I,-0.07737851142883301
sp|O95905|ECD_HUMAN,69,K,0.6553666591644287
sp|O95905|ECD_HUMAN,69,L,-0.1536247730255127
sp|O95905|ECD_HUMAN,69,M,-1.1090762615203857
sp|O95905|ECD_HUMAN,69,N,0.3035888671875
sp|O95905|ECD_HUMAN,69,P,-0.09624433517456055
sp|O95905|ECD_HUMAN,69,Q,-0.6709175109863281
sp|O95905|ECD_HUMAN,69,R,-0.31298398971557617
sp|O95905|ECD_HUMAN,69,S,0.06659889221191406
sp|O95905|ECD_HUMAN,69,T,-0.08584976196289062
sp|O95905|ECD_HUMAN,69,V,-0.3666496276855469
sp|O95905|ECD_HUMAN,69,W,-1.4016482830047607
sp|O95905|ECD_HUMAN,69,Y,-0.27121949195861816
sp|O95905|ECD_HUMAN,70,A,-0.6404120922088623
sp|O95905|ECD_HUMAN,70,C,-2.2580931186676025
sp|O95905|ECD_HUMAN,70,D,-0.3024876117706299
sp|O95905|ECD_HUMAN,70,E,-0.12339949607849121
sp|O95905|ECD_HUMAN,70,F,-0.3457205295562744
sp|O95905|ECD_HUMAN,70,G,0.0
sp|O95905|ECD_HUMAN,70,H,-1.2116024494171143
sp|O95905|ECD_HUMAN,70,I,-0.09927773475646973
sp|O95905|ECD_HUMAN,70,K,0.19281911849975586
sp|O95905|ECD_HUMAN,70,L,-0.23765110969543457
sp|O95905|ECD_HUMAN,70,M,-1.2709879875183105
sp|O95905|ECD_HUMAN,70,N,-0.2688937187194824
sp|O95905|ECD_HUMAN,70,P,-0.7734072208404541
sp|O95905|ECD_HUMAN,70,Q,-0.9372689723968506
sp|O95905|ECD_HUMAN,70,R,-0.5410590171813965
sp|O95905|ECD_HUMAN,70,S,-0.22622442245483398
sp|O95905|ECD_HUMAN,70,T,-0.3405721187591553
sp|O95905|ECD_HUMAN,70,V,-0.3589136600494385
sp|O95905|ECD_HUMAN,70,W,-1.3721199035644531
sp|O95905|ECD_HUMAN,70,Y,-0.311657190322876
sp|O95905|ECD_HUMAN,71,A,-0.3037526607513428
sp|O95905|ECD_HUMAN,71,C,-1.5962049961090088
sp|O95905|ECD_HUMAN,71,D,-0.49463486671447754
sp|O95905|ECD_HUMAN,71,E,-0.06497740745544434
sp|O95905|ECD_HUMAN,71,F,-0.19199872016906738
sp|O95905|ECD_HUMAN,71,G,-0.0535428524017334
sp|O95905|ECD_HUMAN,71,H,-0.741039514541626
sp|O95905|ECD_HUMAN,71,I,0.23888325691223145
sp|O95905|ECD_HUMAN,71,K,0.595097541809082
sp|O95905|ECD_HUMAN,71,L,0.13108158111572266
sp|O95905|ECD_HUMAN,71,M,-0.7713561058044434
sp|O95905|ECD_HUMAN,71,N,-0.18542265892028809
sp|O95905|ECD_HUMAN,71,P,-0.8696155548095703
sp|O95905|ECD_HUMAN,71,Q,-0.522515058517456
sp|O95905|ECD_HUMAN,71,R,-0.0038857460021972656
sp|O95905|ECD_HUMAN,71,S,-0.09692168235778809
sp|O95905|ECD_HUMAN,71,T,-0.07874321937561035
sp|O95905|ECD_HUMAN,71,V,0.0
sp|O95905|ECD_HUMAN,71,W,-1.335468053817749
sp|O95905|ECD_HUMAN,71,Y,-0.08785223960876465
sp|O95905|ECD_HUMAN,72,A,-0.09593081474304199
sp|O95905|ECD_HUMAN,72,C,-1.4807014465332031
sp|O95905|ECD_HUMAN,72,D,-0.2888317108154297
sp|O95905|ECD_HUMAN,72,E,0.006707668304443359
sp|O95905|ECD_HUMAN,72,F,0.03739786148071289
sp|O95905|ECD_HUMAN,72,G,0.31559324264526367
sp|O95905|ECD_HUMAN,72,H,-0.011754274368286133
sp|O95905|ECD_HUMAN,72,I,0.3028090000152588
sp|O95905|ECD_HUMAN,72,K,0.34699130058288574
sp|O95905|ECD_HUMAN,72,L,0.24991846084594727
sp|O95905|ECD_HUMAN,72,M,-0.6372725963592529
sp|O95905|ECD_HUMAN,72,N,-0.16063165664672852
sp|O95905|ECD_HUMAN,72,P,0.0
sp|O95905|ECD_HUMAN,72,Q,-0.570530891418457
sp|O95905|ECD_HUMAN,72,R,-0.14087343215942383
sp|O95905|ECD_HUMAN,72,S,0.2140178680419922
sp|O95905|ECD_HUMAN,72,T,0.09551453590393066
sp|O95905|ECD_HUMAN,72,V,0.18248701095581055
sp|O95905|ECD_HUMAN,72,W,-0.9848723411560059
sp|O95905|ECD_HUMAN,72,Y,0.11326217651367188
sp|O95905|ECD_HUMAN,73,A,0.0
sp|O95905|ECD_HUMAN,73,C,-1.2071986198425293
sp|O95905|ECD_HUMAN,73,D,-0.28875041007995605
sp|O95905|ECD_HUMAN,73,E,0.07504653930664062
sp|O95905|ECD_HUMAN,73,F,0.16605925559997559
sp|O95905|ECD_HUMAN,73,G,0.1592576503753662
sp|O95905|ECD_HUMAN,73,H,-0.4930412769317627
sp|O95905|ECD_HUMAN,73,I,0.5102260112762451
sp|O95905|ECD_HUMAN,73,K,0.10960650444030762
sp|O95905|ECD_HUMAN,73,L,0.39011383056640625
sp|O95905|ECD_HUMAN,73,M,-0.629117488861084
sp|O95905|ECD_HUMAN,73,N,-0.2451324462890625
sp|O95905|ECD_HUMAN,73,P,-0.1792142391204834
sp|O95905|ECD_HUMAN,73,Q,-0.6313889026641846
sp|O95905|ECD_HUMAN,73,R,-0.27715635299682617
sp|O95905|ECD_HUMAN,73,S,0.09824728965759277
sp|O95905|ECD_HUMAN,73,T,-0.016747236251831055
sp|O95905|ECD_HUMAN,73,V,0.430755615234375
sp|O95905|ECD_HUMAN,73,W,-0.9883162975311279
sp|O95905|ECD_HUMAN,73,Y,0.18837833404541016
sp|O95905|ECD_HUMAN,74,A,0.3544321060180664
sp|O95905|ECD_HUMAN,74,C,-0.7689971923828125
sp|O95905|ECD_HUMAN,74,D,0.21181058883666992
sp|O95905|ECD_HUMAN,74,E,0.45131802558898926
sp|O95905|ECD_HUMAN,74,F,0.5803775787353516
sp|O95905|ECD_HUMAN,74,G,0.7927536964416504
sp|O95905|ECD_HUMAN,74,H,0.0
sp|O95905|ECD_HUMAN,74,I,0.847210168838501
sp|O95905|ECD_HUMAN,74,K,0.5110011100769043
sp|O95905|ECD_HUMAN,74,L,0.8204708099365234
sp|O95905|ECD_HUMAN,74,M,-0.029100894927978516
sp|O95905|ECD_HUMAN,74,N,0.17272233963012695
sp|O95905|ECD_HUMAN,74,P,0.23512601852416992
sp|O95905|ECD_HUMAN,74,Q,-0.22439885139465332
sp|O95905|ECD_HUMAN,74,R,0.2040708065032959
sp|O95905|ECD_HUMAN,74,S,0.48065185546875
sp|O95905|ECD_HUMAN,74,T,0.44005513191223145
sp|O95905|ECD_HUMAN,74,V,0.762587308883667
sp|O95905|ECD_HUMAN,74,W,-0.4443082809448242
sp|O95905|ECD_HUMAN,74,Y,0.5056843757629395
sp|O95905|ECD_HUMAN,75,A,0.7656044960021973
sp|O95905|ECD_HUMAN,75,C,-0.1966240406036377
sp|O95905|ECD_HUMAN,75,D,0.06856846809387207
sp|O95905|ECD_HUMAN,75,E,0.4245724678039551
sp|O95905|ECD_HUMAN,75,F,0.9999935626983643
sp|O95905|ECD_HUMAN,75,G,0.9810404777526855
sp|O95905|ECD_HUMAN,75,H,0.28899216651916504
sp|O95905|ECD_HUMAN,75,I,1.3141202926635742
sp|O95905|ECD_HUMAN,75,K,0.6095266342163086
sp|O95905|ECD_HUMAN,75,L,1.1949574947357178
sp|O95905|ECD_HUMAN,75,M,0.0
sp|O95905|ECD_HUMAN,75,N,0.2625467777252197
sp|O95905|ECD_HUMAN,75,P,0.3038210868835449
sp|O95905|ECD_HUMAN,75,Q,0.0840449333190918
sp|O95905|ECD_HUMAN,75,R,0.5006225109100342
sp|O95905|ECD_HUMAN,75,S,0.8937618732452393
sp|O95905|ECD_HUMAN,75,T,0.6758337020874023
sp|O95905|ECD_HUMAN,75,V,1.1330978870391846
sp|O95905|ECD_HUMAN,75,W,-0.00497126579284668
sp|O95905|ECD_HUMAN,75,Y,1.0635533332824707
sp|O95905|ECD_HUMAN,76,A,-0.26028919219970703
sp|O95905|ECD_HUMAN,76,C,-1.369297742843628
sp|O95905|ECD_HUMAN,76,D,-0.872694730758667
sp|O95905|ECD_HUMAN,76,E,-0.397613525390625
sp|O95905|ECD_HUMAN,76,F,0.0
sp|O95905|ECD_HUMAN,76,G,-0.15680837631225586
sp|O95905|ECD_HUMAN,76,H,-0.9363958835601807
sp|O95905|ECD_HUMAN,76,I,0.4726853370666504
sp|O95905|ECD_HUMAN,76,K,-0.2345867156982422
sp|O95905|ECD_HUMAN,76,L,0.2559497356414795
sp|O95905|ECD_HUMAN,76,M,-0.7642183303833008
sp|O95905|ECD_HUMAN,76,N,-0.8812074661254883
sp|O95905|ECD_HUMAN,76,P,-0.8744094371795654
sp|O95905|ECD_HUMAN,76,Q,-0.9626514911651611
sp|O95905|ECD_HUMAN,76,R,-0.5141758918762207
sp|O95905|ECD_HUMAN,76,S,-0.3776881694793701
sp|O95905|ECD_HUMAN,76,T,-0.283951997756958
sp|O95905|ECD_HUMAN,76,V,0.3099520206451416
sp|O95905|ECD_HUMAN,76,W,-1.1624538898468018
sp|O95905|ECD_HUMAN,76,Y,-0.10314583778381348
sp|O95905|ECD_HUMAN,77,A,-0.010634422302246094
sp|O95905|ECD_HUMAN,77,C,-1.1215109825134277
sp|O95905|ECD_HUMAN,77,D,-0.5212192535400391
sp|O95905|ECD_HUMAN,77,E,-0.11030411720275879
sp|O95905|ECD_HUMAN,77,F,-0.07531166076660156
sp|O95905|ECD_HUMAN,77,G,0.0
sp|O95905|ECD_HUMAN,77,H,-0.8804318904876709
sp|O95905|ECD_HUMAN,77,I,0.3306593894958496
sp|O95905|ECD_HUMAN,77,K,0.0541536808013916
sp|O95905|ECD_HUMAN,77,L,0.31415605545043945
sp|O95905|ECD_HUMAN,77,M,-0.6975991725921631
sp|O95905|ECD_HUMAN,77,N,-0.5316107273101807
sp|O95905|ECD_HUMAN,77,P,-0.8842079639434814
sp|O95905|ECD_HUMAN,77,Q,-0.7317297458648682
sp|O95905|ECD_HUMAN,77,R,-0.21921062469482422
sp|O95905|ECD_HUMAN,77,S,0.04334735870361328
sp|O95905|ECD_HUMAN,77,T,0.08082032203674316
sp|O95905|ECD_HUMAN,77,V,0.31370091438293457
sp|O95905|ECD_HUMAN,77,W,-1.2648742198944092
sp|O95905|ECD_HUMAN,77,Y,-0.023478269577026367
sp|O95905|ECD_HUMAN,78,A,-0.5382485389709473
sp|O95905|ECD_HUMAN,78,C,-1.747270107269287
sp|O95905|ECD_HUMAN,78,D,-0.7658340930938721
sp|O95905|ECD_HUMAN,78,E,-0.4662754535675049
sp|O95905|ECD_HUMAN,78,F,-0.12563800811767578
sp|O95905|ECD_HUMAN,78,G,-0.3204078674316406
sp|O95905|ECD_HUMAN,78,H,-1.133697748184204
sp|O95905|ECD_HUMAN,78,I,0.1685934066772461
sp|O95905|ECD_HUMAN,78,K,-0.05413174629211426
sp|O95905|ECD_HUMAN,78,L,0.07283258438110352
sp|O95905|ECD_HUMAN,78,M,-0.9399585723876953
sp|O95905|ECD_HUMAN,78,N,-0.7261557579040527
sp|O95905|ECD_HUMAN,78,P,-0.9372513294219971
sp|O95905|ECD_HUMAN,78,Q,-1.1062333583831787
sp|O95905|ECD_HUMAN,78,R,-0.5197453498840332
sp|O95905|ECD_HUMAN,78,S,-0.4065406322479248
sp|O95905|ECD_HUMAN,78,T,-0.38298702239990234
sp|O95905|ECD_HUMAN,78,V,0.0
sp|O95905|ECD_HUMAN,78,W,-1.2280690670013428
sp|O95905|ECD_HUMAN,78,Y,-0.19943523406982422
sp|O95905|ECD_HUMAN,79,A,0.3355143070220947
sp|O95905|ECD_HUMAN,79,C,-1.004573106765747
sp|O95905|ECD_HUMAN,79,D,0.07805562019348145
sp|O95905|ECD_HUMAN,79,E,0.32802724838256836
sp|O95905|ECD_HUMAN,79,F,0.3028593063354492
sp|O95905|ECD_HUMAN,79,G,0.3559091091156006
sp|O95905|ECD_HUMAN,79,H,-0.8689568042755127
sp|O95905|ECD_HUMAN,79,I,0.7929847240447998
sp|O95905|ECD_HUMAN,79,K,0.16373109817504883
sp|O95905|ECD_HUMAN,79,L,0.7303051948547363
sp|O95905|ECD_HUMAN,79,M,-0.32761192321777344
sp|O95905|ECD_HUMAN,79,N,-0.28089284896850586
sp|O95905|ECD_HUMAN,79,P,-0.5467917919158936
sp|O95905|ECD_HUMAN,79,Q,-0.5690240859985352
sp|O95905|ECD_HUMAN,79,R,-0.14899873733520508
sp|O95905|ECD_HUMAN,79,S,0.05084872245788574
sp|O95905|ECD_HUMAN,79,T,0.0
sp|O95905|ECD_HUMAN,79,V,0.7285671234130859
sp|O95905|ECD_HUMAN,79,W,-0.8465063571929932
sp|O95905|ECD_HUMAN,79,Y,0.31678080558776855
sp|O95905|ECD_HUMAN,80,A,0.32105493545532227
sp|O95905|ECD_HUMAN,80,C,-0.7962985038757324
sp|O95905|ECD_HUMAN,80,D,-0.03932476043701172
sp|O95905|ECD_HUMAN,80,E,0.10248446464538574
sp|O95905|ECD_HUMAN,80,F,0.5509390830993652
sp|O95905|ECD_HUMAN,80,G,0.26349973678588867
sp|O95905|ECD_HUMAN,80,H,-0.6715600490570068
sp|O95905|ECD_HUMAN,80,I,0.9253544807434082
sp|O95905|ECD_HUMAN,80,K,0.0
sp|O95905|ECD_HUMAN,80,L,0.9654021263122559
sp|O95905|ECD_HUMAN,80,M,-0.501875638961792
sp|O95905|ECD_HUMAN,80,N,-0.46993446350097656
sp|O95905|ECD_HUMAN,80,P,-0.30931973457336426
sp|O95905|ECD_HUMAN,80,Q,-0.7075023651123047
sp|O95905|ECD_HUMAN,80,R,-0.18991947174072266
sp|O95905|ECD_HUMAN,80,S,0.06959748268127441
sp|O95905|ECD_HUMAN,80,T,-0.10401034355163574
sp|O95905|ECD_HUMAN,80,V,0.9426379203796387
sp|O95905|ECD_HUMAN,80,W,-0.870206356048584
sp|O95905|ECD_HUMAN,80,Y,0.3691897392272949
sp|O95905|ECD_HUMAN,81,A,-0.011501073837280273
sp|O95905|ECD_HUMAN,81,C,-1.6224620342254639
sp|O95905|ECD_HUMAN,81,D,0.7775297164916992
sp|O95905|ECD_HUMAN,81,E,0.8654263019561768
sp|O95905|ECD_HUMAN,81,F,0.0
sp|O95905|ECD_HUMAN,81,G,0.14858579635620117
sp|O95905|ECD_HUMAN,81,H,-0.6229085922241211
sp|O95905|ECD_HUMAN,81,I,0.5578358173370361
sp|O95905|ECD_HUMAN,81,K,0.932652473449707
sp|O95905|ECD_HUMAN,81,L,0.40619683265686035
sp|O95905|ECD_HUMAN,81,M,-0.8109471797943115
sp|O95905|ECD_HUMAN,81,N,0.5783660411834717
sp|O95905|ECD_HUMAN,81,P,0.05204057693481445
sp|O95905|ECD_HUMAN,81,Q,-0.2608187198638916
sp|O95905|ECD_HUMAN,81,R,0.06457066535949707
sp|O95905|ECD_HUMAN,81,S,0.47338438034057617
sp|O95905|ECD_HUMAN,81,T,0.4397768974304199
sp|O95905|ECD_HUMAN,81,V,0.29372692108154297
sp|O95905|ECD_HUMAN,81,W,-0.98441481590271
sp|O95905|ECD_HUMAN,81,Y,0.11417150497436523
sp|O95905|ECD_HUMAN,82,A,-0.21534228324890137
sp|O95905|ECD_HUMAN,82,C,-1.2526540756225586
sp|O95905|ECD_HUMAN,82,D,0.047057390213012695
sp|O95905|ECD_HUMAN,82,E,0.27173352241516113
sp|O95905|ECD_HUMAN,82,F,0.29915404319763184
sp|O95905|ECD_HUMAN,82,G,0.0
sp|O95905|ECD_HUMAN,82,H,-0.9967074394226074
sp|O95905|ECD_HUMAN,82,I,0.6449549198150635
sp|O95905|ECD_HUMAN,82,K,0.4465062618255615
sp|O95905|ECD_HUMAN,82,L,0.4059572219848633
sp|O95905|ECD_HUMAN,82,M,-0.7956516742706299
sp|O95905|ECD_HUMAN,82,N,-0.3037407398223877
sp|O95905|ECD_HUMAN,82,P,-0.277634859085083
sp|O95905|ECD_HUMAN,82,Q,-0.7028496265411377
sp|O95905|ECD_HUMAN,82,R,-0.2190384864807129
sp|O95905|ECD_HUMAN,82,S,0.023540973663330078
sp|O95905|ECD_HUMAN,82,T,-0.08131194114685059
sp|O95905|ECD_HUMAN,82,V,0.353471040725708
sp|O95905|ECD_HUMAN,82,W,-0.5190794467926025
sp|O95905|ECD_HUMAN,82,Y,0.4426000118255615
sp|O95905|ECD_HUMAN,83,A,-0.42411303520202637
sp|O95905|ECD_HUMAN,83,C,-1.584214687347412
sp|O95905|ECD_HUMAN,83,D,0.0
sp|O95905|ECD_HUMAN,83,E,0.6098451614379883
sp|O95905|ECD_HUMAN,83,F,0.16619348526000977
sp|O95905|ECD_HUMAN,83,G,-0.2576866149902344
sp|O95905|ECD_HUMAN,83,H,-1.0198373794555664
sp|O95905|ECD_HUMAN,83,I,0.3534836769104004
sp|O95905|ECD_HUMAN,83,K,0.9111990928649902
sp|O95905|ECD_HUMAN,83,L,0.3294970989227295
sp|O95905|ECD_HUMAN,83,M,-0.8644945621490479
sp|O95905|ECD_HUMAN,83,N,-0.18748736381530762
sp|O95905|ECD_HUMAN,83,P,-0.33795928955078125
sp|O95905|ECD_HUMAN,83,Q,-0.32306361198425293
sp|O95905|ECD_HUMAN,83,R,0.17530465126037598
sp|O95905|ECD_HUMAN,83,S,-0.28338074684143066
sp|O95905|ECD_HUMAN,83,T,-0.30362415313720703
sp|O95905|ECD_HUMAN,83,V,0.16453194618225098
sp|O95905|ECD_HUMAN,83,W,-0.934262752532959
sp|O95905|ECD_HUMAN,83,Y,0.07634115219116211
sp|O95905|ECD_HUMAN,84,A,-0.12274169921875
sp|O95905|ECD_HUMAN,84,C,-1.5002970695495605
sp|O95905|ECD_HUMAN,84,D,0.32497620582580566
sp|O95905|ECD_HUMAN,84,E,0.6597685813903809
sp|O95905|ECD_HUMAN,84,F,0.06397676467895508
sp|O95905|ECD_HUMAN,84,G,0.14092516899108887
sp|O95905|ECD_HUMAN,84,H,-0.9566888809204102
sp|O95905|ECD_HUMAN,84,I,0.47436976432800293
sp|O95905|ECD_HUMAN,84,K,0.6699609756469727
sp|O95905|ECD_HUMAN,84,L,0.5504379272460938
sp|O95905|ECD_HUMAN,84,M,-0.6608250141143799
sp|O95905|ECD_HUMAN,84,N,0.0
sp|O95905|ECD_HUMAN,84,P,0.2259807586669922
sp|O95905|ECD_HUMAN,84,Q,-0.5010948181152344
sp|O95905|ECD_HUMAN,84,R,0.023600339889526367
sp|O95905|ECD_HUMAN,84,S,0.1442856788635254
sp|O95905|ECD_HUMAN,84,T,0.15966463088989258
sp|O95905|ECD_HUMAN,84,V,0.33368849754333496
sp|O95905|ECD_HUMAN,84,W,-0.987849235534668
sp|O95905|ECD_HUMAN,84,Y,-0.05595040321350098
sp|O95905|ECD_HUMAN,85,A,-0.3494679927825928
sp|O95905|ECD_HUMAN,85,C,-2.1761538982391357
sp|O95905|ECD_HUMAN,85,D,0.3353903293609619
sp|O95905|ECD_HUMAN,85,E,0.5735988616943359
sp|O95905|ECD_HUMAN,85,F,-0.3882300853729248
sp|O95905|ECD_HUMAN,85,G,0.0017893314361572266
sp|O95905|ECD_HUMAN,85,H,-1.26670241355896
sp|O95905|ECD_HUMAN,85,I,0.0
sp|O95905|ECD_HUMAN,85,K,0.5047755241394043
sp|O95905|ECD_HUMAN,85,L,-0.03171181678771973
sp|O95905|ECD_HUMAN,85,M,-1.263838529586792
sp|O95905|ECD_HUMAN,85,N,-0.10204648971557617
sp|O95905|ECD_HUMAN,85,P,0.43470335006713867
sp|O95905|ECD_HUMAN,85,Q,-0.6366157531738281
sp|O95905|ECD_HUMAN,85,R,-0.5256021022796631
sp|O95905|ECD_HUMAN,85,S,0.014681100845336914
sp|O95905|ECD_HUMAN,85,T,-0.2612955570220947
sp|O95905|ECD_HUMAN,85,V,-0.29952406883239746
sp|O95905|ECD_HUMAN,85,W,-1.5613267421722412
sp|O95905|ECD_HUMAN,85,Y,-0.46648502349853516
sp|O95905|ECD_HUMAN,86,A,-0.5186431407928467
sp|O95905|ECD_HUMAN,86,C,-1.9470863342285156
sp|O95905|ECD_HUMAN,86,D,0.13127398490905762
sp|O95905|ECD_HUMAN,86,E,0.0
sp|O95905|ECD_HUMAN,86,F,-0.5251030921936035
sp|O95905|ECD_HUMAN,86,G,-0.18370699882507324
sp|O95905|ECD_HUMAN,86,H,-1.389479637145996
sp|O95905|ECD_HUMAN,86,I,-0.12508916854858398
sp|O95905|ECD_HUMAN,86,K,0.11214280128479004
sp|O95905|ECD_HUMAN,86,L,-0.050599098205566406
sp|O95905|ECD_HUMAN,86,M,-1.3252413272857666
sp|O95905|ECD_HUMAN,86,N,-0.0368804931640625
sp|O95905|ECD_HUMAN,86,P,-0.09891176223754883
sp|O95905|ECD_HUMAN,86,Q,-0.9102354049682617
sp|O95905|ECD_HUMAN,86,R,-0.6899068355560303
sp|O95905|ECD_HUMAN,86,S,-0.017331600189208984
sp|O95905|ECD_HUMAN,86,T,-0.10177779197692871
sp|O95905|ECD_HUMAN,86,V,-0.3731250762939453
sp|O95905|ECD_HUMAN,86,W,-1.6911077499389648
sp|O95905|ECD_HUMAN,86,Y,-0.7378060817718506
sp|O95905|ECD_HUMAN,87,A,-0.4662902355194092
sp|O95905|ECD_HUMAN,87,C,-2.094066858291626
sp|O95905|ECD_HUMAN,87,D,0.0
sp|O95905|ECD_HUMAN,87,E,-0.06663346290588379
sp|O95905|ECD_HUMAN,87,F,-0.5136368274688721
sp|O95905|ECD_HUMAN,87,G,0.2514305114746094
sp|O95905|ECD_HUMAN,87,H,-1.266678810119629
sp|O95905|ECD_HUMAN,87,I,-0.06564974784851074
sp|O95905|ECD_HUMAN,87,K,0.20863127708435059
sp|O95905|ECD_HUMAN,87,L,-0.06872272491455078
sp|O95905|ECD_HUMAN,87,M,-1.1869280338287354
sp|O95905|ECD_HUMAN,87,N,0.015993356704711914
sp|O95905|ECD_HUMAN,87,P,-0.43567967414855957
sp|O95905|ECD_HUMAN,87,Q,-0.9505157470703125
sp|O95905|ECD_HUMAN,87,R,-0.595944881439209
sp|O95905|ECD_HUMAN,87,S,-0.41660046577453613
sp|O95905|ECD_HUMAN,87,T,-0.4744229316711426
sp|O95905|ECD_HUMAN,87,V,-0.3732798099517822
sp|O95905|ECD_HUMAN,87,W,-1.4733598232269287
sp|O95905|ECD_HUMAN,87,Y,-0.6583156585693359
sp|O95905|ECD_HUMAN,88,A,-0.6549618244171143
sp|O95905|ECD_HUMAN,88,C,-1.9160435199737549
sp|O95905|ECD_HUMAN,88,D,-0.3014383316040039
sp|O95905|ECD_HUMAN,88,E,0.0
sp|O95905|ECD_HUMAN,88,F,-0.9730165004730225
sp|O95905|ECD_HUMAN,88,G,-0.2601644992828369
sp|O95905|ECD_HUMAN,88,H,-1.4542086124420166
sp|O95905|ECD_HUMAN,88,I,-0.46628785133361816
sp|O95905|ECD_HUMAN,88,K,0.05358433723449707
sp|O95905|ECD_HUMAN,88,L,-0.5450332164764404
sp|O95905|ECD_HUMAN,88,M,-1.6468791961669922
sp|O95905|ECD_HUMAN,88,N,-0.5038256645202637
sp|O95905|ECD_HUMAN,88,P,-1.055847406387329
sp|O95905|ECD_HUMAN,88,Q,-0.9784188270568848
sp|O95905|ECD_HUMAN,88,R,-0.6249818801879883
sp|O95905|ECD_HUMAN,88,S,-0.7049300670623779
sp|O95905|ECD_HUMAN,88,T,-0.8216519355773926
sp|O95905|ECD_HUMAN,88,V,-0.6521518230438232
sp|O95905|ECD_HUMAN,88,W,-2.1340372562408447
sp|O95905|ECD_HUMAN,88,Y,-0.8344118595123291
sp|O95905|ECD_HUMAN,89,A,1.9008903503417969
sp|O95905|ECD_HUMAN,89,C,-0.1438899040222168
sp|O95905|ECD_HUMAN,89,D,2.6961817741394043
sp|O95905|ECD_HUMAN,89,E,2.8142107725143433
sp|O95905|ECD_HUMAN,89,F,0.8982045650482178
sp|O95905|ECD_HUMAN,89,G,1.8140273094177246
sp|O95905|ECD_HUMAN,89,H,0.7810323238372803
sp|O95905|ECD_HUMAN,89,I,1.422178030014038
sp|O95905|ECD_HUMAN,89,K,2.458390712738037
sp|O95905|ECD_HUMAN,89,L,1.5832252502441406
sp|O95905|ECD_HUMAN,89,M,0.49762964248657227
sp|O95905|ECD_HUMAN,89,N,2.1330604553222656
sp|O95905|ECD_HUMAN,89,P,1.6138665676116943
sp|O95905|ECD_HUMAN,89,Q,1.5794622898101807
sp|O95905|ECD_HUMAN,89,R,1.7347683906555176
sp|O95905|ECD_HUMAN,89,S,1.8522133827209473
sp|O95905|ECD_HUMAN,89,T,1.526749849319458
sp|O95905|ECD_HUMAN,89,V,1.3459320068359375
sp|O95905|ECD_HUMAN,89,W,0.0
sp|O95905|ECD_HUMAN,89,Y,1.1353740692138672
sp|O95905|ECD_HUMAN,90,A,0.14616727828979492
sp|O95905|ECD_HUMAN,90,C,-1.0268218517303467
sp|O95905|ECD_HUMAN,90,D,0.47692370414733887
sp|O95905|ECD_HUMAN,90,E,1.0381529331207275
sp|O95905|ECD_HUMAN,90,F,0.0
sp|O95905|ECD_HUMAN,90,G,0.6198668479919434
sp|O95905|ECD_HUMAN,90,H,-0.3529777526855469
sp|O95905|ECD_HUMAN,90,I,0.5551819801330566
sp|O95905|ECD_HUMAN,90,K,1.260681390762329
sp|O95905|ECD_HUMAN,90,L,0.5213162899017334
sp|O95905|ECD_HUMAN,90,M,-0.5293214321136475
sp|O95905|ECD_HUMAN,90,N,0.3942112922668457
sp|O95905|ECD_HUMAN,90,P,-0.2609837055206299
sp|O95905|ECD_HUMAN,90,Q,0.19746756553649902
sp|O95905|ECD_HUMAN,90,R,0.6297552585601807
sp|O95905|ECD_HUMAN,90,S,0.14847469329833984
sp|O95905|ECD_HUMAN,90,T,0.2706339359283447
sp|O95905|ECD_HUMAN,90,V,0.5154898166656494
sp|O95905|ECD_HUMAN,90,W,-1.0600979328155518
sp|O95905|ECD_HUMAN,90,Y,0.11413383483886719
sp|O95905|ECD_HUMAN,91,A,-0.12193560600280762
sp|O95905|ECD_HUMAN,91,C,-1.4109373092651367
sp|O95905|ECD_HUMAN,91,D,0.04373455047607422
sp|O95905|ECD_HUMAN,91,E,0.14484429359436035
sp|O95905|ECD_HUMAN,91,F,-0.6297831535339355
sp|O95905|ECD_HUMAN,91,G,0.017113924026489258
sp|O95905|ECD_HUMAN,91,H,-1.0502355098724365
sp|O95905|ECD_HUMAN,91,I,0.0
sp|O95905|ECD_HUMAN,91,K,0.2840542793273926
sp|O95905|ECD_HUMAN,91,L,-0.008798837661743164
sp|O95905|ECD_HUMAN,91,M,-1.083287000656128
sp|O95905|ECD_HUMAN,91,N,-0.2729051113128662
sp|O95905|ECD_HUMAN,91,P,-0.049025535583496094
sp|O95905|ECD_HUMAN,91,Q,-0.7806029319763184
sp|O95905|ECD_HUMAN,91,R,-0.2763516902923584
sp|O95905|ECD_HUMAN,91,S,-0.18538999557495117
sp|O95905|ECD_HUMAN,91,T,-0.19794845581054688
sp|O95905|ECD_HUMAN,91,V,-0.04394960403442383
sp|O95905|ECD_HUMAN,91,W,-1.537766933441162
sp|O95905|ECD_HUMAN,91,Y,-0.5636742115020752
sp|O95905|ECD_HUMAN,92,A,0.7592940330505371
sp|O95905|ECD_HUMAN,92,C,-1.1713805198669434
sp|O95905|ECD_HUMAN,92,D,2.4609638452529907
sp|O95905|ECD_HUMAN,92,E,2.2415910959243774
sp|O95905|ECD_HUMAN,92,F,-0.3479118347167969
sp|O95905|ECD_HUMAN,92,G,0.9046058654785156
sp|O95905|ECD_HUMAN,92,H,0.04157829284667969
sp|O95905|ECD_HUMAN,92,I,0.0690469741821289
sp|O95905|ECD_HUMAN,92,K,1.91534423828125
sp|O95905|ECD_HUMAN,92,L,0.3330085277557373
sp|O95905|ECD_HUMAN,92,M,-0.8787250518798828
sp|O95905|ECD_HUMAN,92,N,1.8739078044891357
sp|O95905|ECD_HUMAN,92,P,0.8785982131958008
sp|O95905|ECD_HUMAN,92,Q,1.0446035861968994
sp|O95905|ECD_HUMAN,92,R,1.1668322086334229
sp|O95905|ECD_HUMAN,92,S,1.1439437866210938
sp|O95905|ECD_HUMAN,92,T,0.5480356216430664
sp|O95905|ECD_HUMAN,92,V,0.0
sp|O95905|ECD_HUMAN,92,W,-1.3451051712036133
sp|O95905|ECD_HUMAN,92,Y,-0.051021575927734375
sp|O95905|ECD_HUMAN,93,A,0.6171627044677734
sp|O95905|ECD_HUMAN,93,C,-0.9615116119384766
sp|O95905|ECD_HUMAN,93,D,1.886824607849121
sp|O95905|ECD_HUMAN,93,E,2.253458619117737
sp|O95905|ECD_HUMAN,93,F,-0.10207843780517578
sp|O95905|ECD_HUMAN,93,G,1.175018310546875
sp|O95905|ECD_HUMAN,93,H,-0.019943714141845703
sp|O95905|ECD_HUMAN,93,I,-0.0303647518157959
sp|O95905|ECD_HUMAN,93,K,1.7572336196899414
sp|O95905|ECD_HUMAN,93,L,0.2000722885131836
sp|O95905|ECD_HUMAN,93,M,-0.6785554885864258
sp|O95905|ECD_HUMAN,93,N,1.2984988689422607
sp|O95905|ECD_HUMAN,93,P,0.8172056674957275
sp|O95905|ECD_HUMAN,93,Q,0.7320759296417236
sp|O95905|ECD_HUMAN,93,R,1.0561418533325195
sp|O95905|ECD_HUMAN,93,S,1.1351213455200195
sp|O95905|ECD_HUMAN,93,T,0.5672574043273926
sp|O95905|ECD_HUMAN,93,V,0.013851642608642578
sp|O95905|ECD_HUMAN,93,W,-0.9783358573913574
sp|O95905|ECD_HUMAN,93,Y,0.0
sp|O95905|ECD_HUMAN,94,A,0.21139097213745117
sp|O95905|ECD_HUMAN,94,C,-1.1338715553283691
sp|O95905|ECD_HUMAN,94,D,0.49882960319519043
sp|O95905|ECD_HUMAN,94,E,0.48508429527282715
sp|O95905|ECD_HUMAN,94,F,-0.21985721588134766
sp|O95905|ECD_HUMAN,94,G,0.21700596809387207
sp|O95905|ECD_HUMAN,94,H,-0.6608362197875977
sp|O95905|ECD_HUMAN,94,I,0.12507247924804688
sp|O95905|ECD_HUMAN,94,K,0.6576495170593262
sp|O95905|ECD_HUMAN,94,L,0.5245566368103027
sp|O95905|ECD_HUMAN,94,M,-0.958005428314209
sp|O95905|ECD_HUMAN,94,N,0.13126182556152344
sp|O95905|ECD_HUMAN,94,P,0.28299498558044434
sp|O95905|ECD_HUMAN,94,Q,-0.25302934646606445
sp|O95905|ECD_HUMAN,94,R,0.22006821632385254
sp|O95905|ECD_HUMAN,94,S,0.2866377830505371
sp|O95905|ECD_HUMAN,94,T,0.07507681846618652
sp|O95905|ECD_HUMAN,94,V,0.0
sp|O95905|ECD_HUMAN,94,W,-1.4188575744628906
sp|O95905|ECD_HUMAN,94,Y,-0.3139786720275879
sp|O95905|ECD_HUMAN,95,A,-0.2645418643951416
sp|O95905|ECD_HUMAN,95,C,-1.6460230350494385
sp|O95905|ECD_HUMAN,95,D,-0.18920350074768066
sp|O95905|ECD_HUMAN,95,E,0.157484769821167
sp|O95905|ECD_HUMAN,95,F,-0.5426750183105469
sp|O95905|ECD_HUMAN,95,G,-0.309281587600708
sp|O95905|ECD_HUMAN,95,H,-1.0045218467712402
sp|O95905|ECD_HUMAN,95,I,0.0
sp|O95905|ECD_HUMAN,95,K,0.4967496395111084
sp|O95905|ECD_HUMAN,95,L,0.2193295955657959
sp|O95905|ECD_HUMAN,95,M,-1.1122465133666992
sp|O95905|ECD_HUMAN,95,N,-0.20217275619506836
sp|O95905|ECD_HUMAN,95,P,0.1406550407409668
sp|O95905|ECD_HUMAN,95,Q,-0.5699324607849121
sp|O95905|ECD_HUMAN,95,R,-0.13648247718811035
sp|O95905|ECD_HUMAN,95,S,-0.16802167892456055
sp|O95905|ECD_HUMAN,95,T,-0.26999902725219727
sp|O95905|ECD_HUMAN,95,V,-0.12433695793151855
sp|O95905|ECD_HUMAN,95,W,-1.5922377109527588
sp|O95905|ECD_HUMAN,95,Y,-0.470428466796875
sp|O95905|ECD_HUMAN,96,A,-1.2421448230743408
sp|O95905|ECD_HUMAN,96,C,-2.459674596786499
sp|O95905|ECD_HUMAN,96,D,-0.48598504066467285
sp|O95905|ECD_HUMAN,96,E,-0.08342456817626953
sp|O95905|ECD_HUMAN,96,F,-1.7319343090057373
sp|O95905|ECD_HUMAN,96,G,-0.8893599510192871
sp|O95905|ECD_HUMAN,96,H,-1.6481990814208984
sp|O95905|ECD_HUMAN,96,I,-1.4674863815307617
sp|O95905|ECD_HUMAN,96,K,0.0
sp|O95905|ECD_HUMAN,96,L,-1.2711989879608154
sp|O95905|ECD_HUMAN,96,M,-2.3590404987335205
sp|O95905|ECD_HUMAN,96,N,-0.6158158779144287
sp|O95905|ECD_HUMAN,96,P,-0.5629916191101074
sp|O95905|ECD_HUMAN,96,Q,-1.090012550354004
sp|O95905|ECD_HUMAN,96,R,-0.6145050525665283
sp|O95905|ECD_HUMAN,96,S,-0.7200164794921875
sp|O95905|ECD_HUMAN,96,T,-1.0679676532745361
sp|O95905|ECD_HUMAN,96,V,-1.470318078994751
sp|O95905|ECD_HUMAN,96,W,-2.457313299179077
sp|O95905|ECD_HUMAN,96,Y,-1.3146328926086426
sp|O95905|ECD_HUMAN,97,A,-0.03034353256225586
sp|O95905|ECD_HUMAN,97,C,-1.4054527282714844
sp|O95905|ECD_HUMAN,97,D,1.0008783340454102
sp|O95905|ECD_HUMAN,97,E,1.33665132522583
sp|O95905|ECD_HUMAN,97,F,-0.4842386245727539
sp|O95905|ECD_HUMAN,97,G,0.5590395927429199
sp|O95905|ECD_HUMAN,97,H,-0.5302412509918213
sp|O95905|ECD_HUMAN,97,I,-0.0765693187713623
sp|O95905|ECD_HUMAN,97,K,1.4680368900299072
sp|O95905|ECD_HUMAN,97,L,0.04720163345336914
sp|O95905|ECD_HUMAN,97,M,-1.0666437149047852
sp|O95905|ECD_HUMAN,97,N,0.7558846473693848
sp|O95905|ECD_HUMAN,97,P,0.7990000247955322
sp|O95905|ECD_HUMAN,97,Q,0.0
sp|O95905|ECD_HUMAN,97,R,0.6892168521881104
sp|O95905|ECD_HUMAN,97,S,0.5334076881408691
sp|O95905|ECD_HUMAN,97,T,0.3337550163269043
sp|O95905|ECD_HUMAN,97,V,-0.0421600341796875
sp|O95905|ECD_HUMAN,97,W,-1.375600814819336
sp|O95905|ECD_HUMAN,97,Y,-0.1848306655883789
sp|O95905|ECD_HUMAN,98,A,-0.5569608211517334
sp|O95905|ECD_HUMAN,98,C,-2.3531620502471924
sp|O95905|ECD_HUMAN,98,D,-0.5491864681243896
sp|O95905|ECD_HUMAN,98,E,0.18125009536743164
sp|O95905|ECD_HUMAN,98,F,-0.7121374607086182
sp|O95905|ECD_HUMAN,98,G,-0.46521663665771484
sp|O95905|ECD_HUMAN,98,H,-1.6199028491973877
sp|O95905|ECD_HUMAN,98,I,0.0
sp|O95905|ECD_HUMAN,98,K,0.3007619380950928
sp|O95905|ECD_HUMAN,98,L,0.13727951049804688
sp|O95905|ECD_HUMAN,98,M,-1.3583202362060547
sp|O95905|ECD_HUMAN,98,N,-0.46634483337402344
sp|O95905|ECD_HUMAN,98,P,-0.5664689540863037
sp|O95905|ECD_HUMAN,98,Q,-0.9013397693634033
sp|O95905|ECD_HUMAN,98,R,-0.6329324245452881
sp|O95905|ECD_HUMAN,98,S,-0.4190950393676758
sp|O95905|ECD_HUMAN,98,T,-0.5448863506317139
sp|O95905|ECD_HUMAN,98,V,-0.3025646209716797
sp|O95905|ECD_HUMAN,98,W,-1.927363634109497
sp|O95905|ECD_HUMAN,98,Y,-0.697460412979126
sp|O95905|ECD_HUMAN,99,A,-0.27077221870422363
sp|O95905|ECD_HUMAN,99,C,-1.7439897060394287
sp|O95905|ECD_HUMAN,99,D,-0.03679633140563965
sp|O95905|ECD_HUMAN,99,E,0.6467001438140869
sp|O95905|ECD_HUMAN,99,F,-0.3476688861846924
sp|O95905|ECD_HUMAN,99,G,-0.009502172470092773
sp|O95905|ECD_HUMAN,99,H,-1.152465581893921
sp|O95905|ECD_HUMAN,99,I,0.2703969478607178
sp|O95905|ECD_HUMAN,99,K,1.1008683443069458
sp|O95905|ECD_HUMAN,99,L,0.5494229793548584
sp|O95905|ECD_HUMAN,99,M,-1.0389740467071533
sp|O95905|ECD_HUMAN,99,N,0.2636067867279053
sp|O95905|ECD_HUMAN,99,P,-0.32354044914245605
sp|O95905|ECD_HUMAN,99,Q,-0.2829599380493164
sp|O95905|ECD_HUMAN,99,R,0.12650609016418457
sp|O95905|ECD_HUMAN,99,S,0.2196190357208252
sp|O95905|ECD_HUMAN,99,T,0.0
sp|O95905|ECD_HUMAN,99,V,-0.09098029136657715
sp|O95905|ECD_HUMAN,99,W,-1.6966402530670166
sp|O95905|ECD_HUMAN,99,Y,-0.39879393577575684
sp|O95905|ECD_HUMAN,100,A,-1.1817378997802734
sp|O95905|ECD_HUMAN,100,C,-2.797131299972534
sp|O95905|ECD_HUMAN,100,D,-0.948528528213501
sp|O95905|ECD_HUMAN,100,E,-0.40358400344848633
sp|O95905|ECD_HUMAN,100,F,-1.5221731662750244
sp|O95905|ECD_HUMAN,100,G,-1.0995311737060547
sp|O95905|ECD_HUMAN,100,H,-2.052412986755371
sp|O95905|ECD_HUMAN,100,I,-1.0896739959716797
sp|O95905|ECD_HUMAN,100,K,0.0
sp|O95905|ECD_HUMAN,100,L,-0.8514525890350342
sp|O95905|ECD_HUMAN,100,M,-2.5174343585968018
sp|O95905|ECD_HUMAN,100,N,-0.8431718349456787
sp|O95905|ECD_HUMAN,100,P,-1.3285655975341797
sp|O95905|ECD_HUMAN,100,Q,-1.2146375179290771
sp|O95905|ECD_HUMAN,100,R,-1.0676641464233398
sp|O95905|ECD_HUMAN,100,S,-0.7671325206756592
sp|O95905|ECD_HUMAN,100,T,-1.4305245876312256
sp|O95905|ECD_HUMAN,100,V,-1.2767572402954102
sp|O95905|ECD_HUMAN,100,W,-2.9698145389556885
sp|O95905|ECD_HUMAN,100,Y,-1.7403602600097656
